ticket	modified
1	2011-12-07T19:32:18+01:00
1	2011-12-08T14:36:50+01:00
1	2012-11-17T16:05:23+01:00
1	2011-12-07T19:19:23+01:00
2	2014-06-13T17:39:01+02:00
2	2011-12-07T19:25:26+01:00
2	2011-12-07T19:38:14+01:00
2	2011-12-07T21:47:56+01:00
2	2011-12-07T22:15:31+01:00
2	2012-01-22T15:11:28+01:00
2	2011-12-07T19:12:16+01:00
2	2012-04-11T20:45:07+02:00
2	2011-12-07T19:15:58+01:00
2	2012-04-11T20:52:13+02:00
3	2011-12-07T19:18:24+01:00
3	2012-10-13T17:01:16+02:00
3	2011-12-07T19:23:16+01:00
3	2011-12-08T15:00:21+01:00
3	2012-01-07T23:31:43+01:00
4	2012-01-07T23:30:12+01:00
4	2012-10-12T12:51:31+02:00
5	2012-01-07T17:34:21+01:00
5	2011-12-07T19:38:39+01:00
5	2012-01-04T10:05:31+01:00
6	2012-01-07T06:35:50+01:00
6	2011-12-07T19:37:28+01:00
6	2011-12-07T22:41:40+01:00
6	2011-12-08T14:57:33+01:00
7	2011-12-07T21:37:03+01:00
7	2011-12-07T22:27:45+01:00
8	2012-01-07T19:30:23+01:00
9	2011-12-08T15:02:51+01:00
9	2012-01-12T18:08:49+01:00
10	2011-12-08T15:12:29+01:00
11	2011-12-08T15:01:54+01:00
11	2012-01-08T23:32:35+01:00
11	2012-01-10T10:34:59+01:00
11	2012-01-10T15:20:17+01:00
11	2012-06-09T02:54:46+02:00
12	2012-10-08T22:31:09+02:00
12	2012-10-13T16:58:53+02:00
12	2011-12-08T14:41:55+01:00
13	2012-10-08T22:32:34+02:00
13	2012-10-15T02:49:01+02:00
14	2012-01-07T17:43:22+01:00
14	2012-04-27T12:02:55+02:00
14	2012-05-18T19:20:47+02:00
15	2011-12-09T09:39:32+01:00
15	2012-04-19T16:56:02+02:00
15	2012-04-22T16:37:30+02:00
15	2012-05-18T19:29:20+02:00
15	2012-10-02T12:43:52+02:00
16	2012-10-13T17:04:48+02:00
17	2012-01-07T17:45:24+01:00
17	2012-05-18T19:51:37+02:00
18	2012-05-18T19:52:18+02:00
18	2012-01-12T18:35:03+01:00
20	2012-01-07T19:00:30+01:00
20	2013-05-01T21:57:39+02:00
21	2012-01-26T01:34:39+01:00
22	2011-12-09T17:55:11+01:00
22	2012-01-07T05:51:25+01:00
22	2012-01-07T06:06:48+01:00
22	2011-12-08T19:17:43+01:00
22	2011-12-08T19:26:24+01:00
23	2012-01-07T06:32:14+01:00
23	2011-12-12T13:04:18+01:00
24	2012-01-07T19:55:35+01:00
24	2012-01-07T05:37:13+01:00
25	2012-01-29T19:03:21+01:00
26	2011-12-30T17:56:23+01:00
26	2011-12-30T17:56:02+01:00
27	2012-01-07T17:44:24+01:00
27	2012-01-16T15:02:54+01:00
27	2012-01-26T01:20:56+01:00
28	2012-01-07T05:40:43+01:00
28	2012-01-07T05:46:56+01:00
29	2012-01-25T17:25:33+01:00
31	2013-04-04T03:30:33+02:00
31	2013-04-04T06:06:38+02:00
31	2013-04-04T06:16:52+02:00
31	2013-04-04T06:52:55+02:00
31	2012-10-15T12:41:58+02:00
31	2013-04-04T01:48:39+02:00
32	2012-01-11T11:27:40+01:00
34	2012-01-22T14:37:02+01:00
34	2012-01-12T19:00:15+01:00
34	2012-01-22T11:51:49+01:00
34	2012-01-22T13:50:56+01:00
35	2012-05-18T19:22:48+02:00
36	2012-01-07T21:26:57+01:00
37	2012-01-07T21:28:11+01:00
37	2012-01-07T21:28:17+01:00
38	2013-09-09T14:56:18+02:00
38	2012-01-08T00:39:38+01:00
38	2012-01-08T14:52:23+01:00
38	2012-10-15T12:57:38+02:00
39	2012-10-08T22:21:57+02:00
39	2012-10-12T15:15:46+02:00
39	2012-10-12T19:03:06+02:00
39	2013-05-09T16:28:54+02:00
39	2012-10-13T16:59:39+02:00
39	2012-10-13T17:52:05+02:00
40	2012-05-18T19:40:13+02:00
41	2012-01-09T15:17:10+01:00
41	2012-01-09T16:20:15+01:00
41	2012-02-08T14:02:49+01:00
42	2012-01-08T23:56:50+01:00
42	2012-01-10T10:44:51+01:00
42	2012-01-26T01:09:30+01:00
42	2012-01-10T15:19:52+01:00
43	2012-10-13T17:02:24+02:00
45	2012-01-09T18:04:21+01:00
45	2012-01-09T18:46:19+01:00
45	2012-01-10T15:46:59+01:00
45	2012-01-09T20:15:44+01:00
46	2012-01-11T13:28:20+01:00
46	2012-01-12T04:17:46+01:00
48	2012-01-15T15:25:50+01:00
48	2012-01-22T15:14:20+01:00
48	2012-01-12T19:04:37+01:00
49	2012-01-12T10:20:20+01:00
49	2012-01-12T10:26:11+01:00
49	2012-01-12T13:10:21+01:00
49	2012-01-12T19:02:03+01:00
49	2012-01-20T12:38:33+01:00
50	2012-01-12T18:59:44+01:00
51	2012-01-12T13:16:36+01:00
51	2012-03-21T17:20:17+01:00
51	2012-01-12T17:58:26+01:00
52	2012-02-01T02:47:40+01:00
52	2012-01-20T12:33:46+01:00
53	2012-01-26T01:16:05+01:00
53	2012-01-16T17:50:59+01:00
53	2012-01-20T12:32:27+01:00
54	2012-01-17T04:04:58+01:00
54	2012-01-26T01:06:21+01:00
54	2012-01-20T12:35:26+01:00
54	2012-01-22T13:18:01+01:00
55	2012-01-26T01:17:53+01:00
55	2012-01-16T19:30:46+01:00
55	2012-01-17T02:10:31+01:00
57	2012-01-18T13:46:21+01:00
57	2012-01-18T13:52:11+01:00
57	2012-01-18T22:42:07+01:00
57	2012-01-20T10:49:48+01:00
57	2012-01-17T17:08:54+01:00
57	2012-01-18T10:55:06+01:00
57	2012-01-18T13:17:03+01:00
58	2012-10-02T13:21:04+02:00
58	2012-01-21T02:44:35+01:00
58	2012-01-22T10:30:26+01:00
58	2012-01-22T13:35:01+01:00
58	2012-01-23T15:11:13+01:00
58	2012-01-23T18:26:46+01:00
58	2012-01-24T13:57:40+01:00
58	2012-01-27T19:27:16+01:00
59	2012-01-22T15:29:19+01:00
59	2012-01-23T01:55:23+01:00
59	2012-01-23T14:24:37+01:00
59	2012-01-23T15:06:17+01:00
59	2012-10-02T13:21:43+02:00
59	2012-01-23T17:20:01+01:00
61	2012-01-22T14:41:39+01:00
61	2012-01-22T18:03:30+01:00
62	2012-01-22T17:56:37+01:00
62	2012-01-27T15:33:51+01:00
62	2012-02-01T02:27:52+01:00
63	2012-02-27T20:45:49+01:00
63	2012-01-24T18:00:29+01:00
65	2012-06-09T03:00:03+02:00
65	2012-01-25T16:30:57+01:00
65	2012-01-25T17:02:27+01:00
65	2012-01-25T17:14:12+01:00
65	2012-01-25T17:26:13+01:00
66	2012-10-29T18:48:18+01:00
66	2012-10-02T13:29:54+02:00
67	2012-01-27T15:25:51+01:00
67	2012-01-26T01:07:15+01:00
68	2012-01-25T16:05:58+01:00
68	2012-01-26T01:55:16+01:00
68	2012-04-30T18:12:13+02:00
68	2012-04-10T14:35:36+02:00
69	2012-01-27T15:45:46+01:00
69	2012-01-26T12:06:43+01:00
69	2012-01-27T15:26:36+01:00
70	2012-10-02T13:32:12+02:00
70	2012-01-29T19:00:05+01:00
71	2012-01-26T12:07:57+01:00
71	2012-01-27T17:42:56+01:00
71	2013-07-29T15:41:22+02:00
71	2013-03-07T17:52:52+01:00
72	2013-03-07T17:52:52+01:00
72	2013-03-07T18:13:11+01:00
72	2013-03-07T18:13:35+01:00
73	2013-09-14T12:10:25+02:00
73	2012-11-24T19:02:30+01:00
74	2012-01-26T13:26:13+01:00
74	2012-01-25T17:17:10+01:00
75	2012-01-25T17:12:05+01:00
75	2012-01-27T15:18:17+01:00
78	2012-01-26T12:32:20+01:00
78	2012-02-21T07:39:16+01:00
79	2012-03-23T13:46:03+01:00
79	2012-02-27T22:02:48+01:00
80	2012-01-26T14:41:54+01:00
81	2012-01-26T16:29:35+01:00
81	2012-01-27T15:06:51+01:00
83	2012-01-30T14:41:42+01:00
83	2012-01-27T14:44:10+01:00
83	2012-01-27T15:20:22+01:00
84	2012-02-27T22:45:57+01:00
84	2012-01-29T11:45:56+01:00
84	2012-02-01T02:31:00+01:00
87	2012-01-29T01:53:45+01:00
87	2012-01-29T00:27:25+01:00
88	2012-01-30T15:11:09+01:00
90	2012-01-29T18:35:53+01:00
90	2012-01-29T23:28:16+01:00
91	2012-01-30T14:53:37+01:00
91	2012-01-31T18:11:00+01:00
92	2012-02-06T22:20:49+01:00
92	2012-02-07T12:42:11+01:00
92	2012-02-23T15:20:14+01:00
92	2012-03-23T13:47:33+01:00
92	2012-01-30T15:09:45+01:00
92	2012-02-06T14:02:18+01:00
92	2012-02-06T21:13:33+01:00
93	2012-02-01T02:03:46+01:00
93	2012-02-02T11:49:56+01:00
93	2012-02-02T12:00:54+01:00
94	2012-02-12T18:32:19+01:00
94	2012-02-01T02:44:20+01:00
95	2012-10-02T13:28:34+02:00
96	2012-02-06T14:08:35+01:00
96	2012-10-02T13:29:21+02:00
97	2012-02-14T18:10:07+01:00
97	2012-02-16T14:11:35+01:00
97	2012-02-16T14:23:06+01:00
97	2012-02-16T14:23:59+01:00
97	2012-02-16T17:51:44+01:00
97	2012-02-17T11:52:12+01:00
97	2012-02-20T16:11:49+01:00
97	2012-02-01T02:17:30+01:00
97	2012-02-21T07:25:17+01:00
97	2012-02-21T08:07:28+01:00
97	2012-02-04T02:35:36+01:00
97	2012-02-21T23:26:36+01:00
97	2012-02-14T18:09:40+01:00
97	2012-02-27T19:24:38+01:00
98	2012-10-26T19:29:19+02:00
98	2012-02-01T02:25:58+01:00
98	2012-02-14T19:28:40+01:00
98	2012-02-15T10:28:08+01:00
98	2012-02-16T14:07:33+01:00
98	2012-02-16T14:31:17+01:00
98	2012-02-20T11:13:53+01:00
98	2012-02-20T16:13:46+01:00
98	2012-02-21T07:13:46+01:00
98	2012-02-26T13:30:10+01:00
98	2012-02-27T11:53:03+01:00
98	2012-02-27T20:32:07+01:00
98	2012-03-01T18:54:16+01:00
98	2012-03-16T17:48:02+01:00
98	2012-10-09T12:52:56+02:00
99	2012-02-06T14:04:51+01:00
100	2012-02-18T12:59:24+01:00
101	2012-02-14T18:22:51+01:00
101	2012-02-02T15:26:38+01:00
102	2012-05-18T19:34:04+02:00
102	2012-11-08T09:01:11+01:00
102	2012-02-04T11:59:00+01:00
102	2012-02-07T12:42:54+01:00
103	2012-02-16T14:52:31+01:00
103	2012-02-04T22:31:38+01:00
103	2012-02-07T14:52:46+01:00
103	2012-02-09T00:33:44+01:00
103	2012-02-09T11:57:34+01:00
103	2012-02-09T14:28:41+01:00
103	2012-02-12T20:07:18+01:00
103	2012-02-12T23:14:59+01:00
103	2012-02-14T00:37:09+01:00
104	2012-02-07T15:14:21+01:00
104	2012-02-09T01:21:09+01:00
105	2012-11-24T18:55:37+01:00
105	2012-02-18T18:36:35+01:00
105	2012-02-18T20:29:38+01:00
105	2012-02-20T11:11:13+01:00
105	2012-02-20T11:48:46+01:00
105	2012-02-23T00:29:18+01:00
106	2012-02-08T23:42:49+01:00
106	2012-02-08T23:55:11+01:00
106	2012-03-23T13:46:35+01:00
107	2014-04-28T11:50:38+02:00
107	2014-08-31T22:58:48+02:00
107	2014-04-25T15:02:39+02:00
108	2012-02-09T08:20:59+01:00
108	2012-02-09T13:50:53+01:00
108	2012-02-10T17:10:11+01:00
108	2012-02-11T14:05:52+01:00
108	2012-06-09T03:02:19+02:00
108	2012-06-28T23:24:56+02:00
109	2012-02-10T17:15:24+01:00
109	2012-02-14T18:20:10+01:00
109	2012-02-27T22:46:05+01:00
109	2012-02-09T15:20:52+01:00
110	2012-02-10T14:39:21+01:00
110	2012-02-12T19:47:08+01:00
111	2012-02-13T11:05:24+01:00
111	2012-02-24T12:10:42+01:00
112	2012-02-16T12:23:55+01:00
112	2012-02-16T12:24:05+01:00
112	2012-02-16T12:24:27+01:00
113	2012-02-16T12:19:02+01:00
114	2012-02-28T19:29:13+01:00
114	2012-02-23T00:41:00+01:00
114	2012-02-17T19:58:47+01:00
114	2012-02-21T08:38:28+01:00
114	2012-02-21T09:16:42+01:00
114	2012-02-21T11:22:49+01:00
114	2012-02-22T09:53:14+01:00
114	2012-02-22T10:28:26+01:00
115	2012-03-05T10:43:30+01:00
116	2012-03-23T17:44:22+01:00
116	2012-03-23T17:44:47+01:00
116	2012-02-29T18:38:38+01:00
116	2012-02-29T18:51:02+01:00
116	2012-02-29T21:58:14+01:00
116	2012-02-29T21:58:33+01:00
116	2012-03-23T13:52:20+01:00
117	2012-04-27T15:42:02+02:00
117	2012-02-16T16:55:26+01:00
117	2012-02-16T17:13:10+01:00
117	2012-02-16T18:22:53+01:00
117	2012-02-17T19:45:42+01:00
117	2012-02-18T12:09:06+01:00
119	2012-02-17T20:03:13+01:00
119	2012-02-23T15:20:40+01:00
119	2012-02-18T12:07:24+01:00
122	2012-02-22T10:26:00+01:00
122	2012-02-22T10:57:57+01:00
124	2012-03-26T06:46:48+02:00
124	2012-06-09T03:03:07+02:00
124	2012-02-23T00:32:41+01:00
124	2012-02-24T20:10:02+01:00
124	2012-02-26T15:07:56+01:00
124	2012-03-23T21:07:34+01:00
126	2012-02-22T12:29:17+01:00
126	2012-02-23T00:22:31+01:00
126	2012-02-23T15:15:17+01:00
127	2012-04-25T08:42:11+02:00
127	2012-10-13T17:05:45+02:00
127	2012-10-15T11:22:31+02:00
128	2012-03-23T13:47:12+01:00
132	2012-04-27T12:20:15+02:00
132	2012-05-18T19:32:47+02:00
132	2012-02-27T16:52:50+01:00
132	2012-10-02T13:15:20+02:00
132	2012-06-09T03:47:13+02:00
132	2012-03-23T13:03:41+01:00
132	2012-04-10T12:18:51+02:00
132	2012-04-10T12:22:22+02:00
135	2012-03-03T15:25:27+01:00
135	2012-02-28T15:31:21+01:00
137	2012-03-09T23:32:13+01:00
137	2012-03-13T15:03:51+01:00
137	2012-03-15T09:51:27+01:00
137	2012-03-15T10:33:03+01:00
137	2012-02-27T22:41:36+01:00
137	2012-03-02T02:26:30+01:00
137	2012-03-06T14:16:37+01:00
138	2012-02-27T23:38:30+01:00
138	2012-02-29T05:46:12+01:00
138	2012-02-28T09:32:12+01:00
138	2012-02-29T01:38:57+01:00
138	2012-02-29T02:18:15+01:00
142	2012-03-03T15:29:48+01:00
142	2012-03-04T01:16:40+01:00
142	2012-03-04T23:40:52+01:00
142	2012-03-07T00:29:34+01:00
142	2012-03-02T19:04:23+01:00
142	2012-03-02T19:13:13+01:00
142	2012-03-02T19:14:41+01:00
142	2012-03-03T11:58:04+01:00
142	2012-03-03T14:48:07+01:00
143	2012-02-29T22:23:38+01:00
143	2012-02-29T23:10:42+01:00
143	2012-02-29T23:10:49+01:00
143	2012-03-02T02:17:11+01:00
144	2012-02-29T22:00:08+01:00
144	2012-02-29T22:03:31+01:00
144	2012-03-01T01:12:17+01:00
144	2012-03-02T18:51:17+01:00
146	2012-03-13T16:19:16+01:00
147	2012-03-05T21:10:33+01:00
147	2012-03-02T09:37:50+01:00
151	2012-03-21T17:00:06+01:00
151	2012-03-20T14:12:33+01:00
151	2012-03-20T22:33:05+01:00
152	2012-03-13T16:21:06+01:00
154	2012-03-13T18:46:00+01:00
154	2012-03-07T00:34:03+01:00
154	2012-03-11T22:06:59+01:00
154	2012-03-12T19:36:54+01:00
154	2012-03-12T19:38:08+01:00
154	2012-03-13T13:09:28+01:00
155	2012-03-09T23:33:18+01:00
155	2012-03-10T13:57:54+01:00
155	2012-03-12T17:17:34+01:00
155	2012-03-12T17:39:12+01:00
155	2012-03-12T18:14:22+01:00
157	2012-03-10T13:56:08+01:00
157	2012-03-10T15:13:11+01:00
157	2012-03-13T16:30:55+01:00
157	2012-03-13T18:00:53+01:00
157	2012-03-13T18:48:23+01:00
157	2012-03-13T19:51:58+01:00
157	2012-03-14T13:55:02+01:00
158	2012-05-18T19:51:08+02:00
158	2012-03-12T17:47:35+01:00
158	2012-04-25T08:56:15+02:00
158	2012-04-25T17:03:01+02:00
161	2012-05-18T19:38:50+02:00
161	2012-03-12T17:49:22+01:00
162	2012-10-02T13:06:11+02:00
162	2012-03-13T13:54:07+01:00
162	2012-06-09T03:37:01+02:00
163	2012-03-13T16:34:24+01:00
163	2012-03-14T17:36:29+01:00
163	2012-03-12T13:57:42+01:00
163	2012-03-13T13:46:16+01:00
164	2012-03-16T17:45:42+01:00
165	2012-03-13T13:41:11+01:00
165	2012-03-13T13:40:57+01:00
166	2012-06-09T03:06:46+02:00
166	2012-04-26T02:55:28+02:00
168	2012-04-26T02:55:52+02:00
168	2014-05-04T22:48:55+02:00
168	2014-05-04T13:03:20+02:00
170	2012-03-22T12:47:37+01:00
171	2012-03-13T17:53:38+01:00
171	2012-03-14T13:53:19+01:00
172	2012-03-13T16:20:32+01:00
173	2012-03-15T18:10:39+01:00
174	2012-03-15T15:11:27+01:00
174	2012-03-15T18:40:57+01:00
174	2012-03-15T18:50:48+01:00
174	2012-03-20T22:41:54+01:00
175	2012-10-13T17:04:00+02:00
176	2012-03-27T16:10:48+02:00
176	2012-04-05T16:53:54+02:00
176	2012-04-11T18:50:27+02:00
176	2012-04-12T18:35:24+02:00
176	2012-04-16T22:22:10+02:00
176	2012-06-07T17:45:16+02:00
176	2012-04-18T07:56:20+02:00
176	2012-06-06T22:16:04+02:00
176	2012-06-07T17:44:56+02:00
176	2012-03-20T00:08:38+01:00
176	2012-03-22T12:38:00+01:00
176	2012-03-23T17:53:03+01:00
176	2012-03-25T18:14:55+02:00
178	2012-11-01T18:09:07+01:00
178	2012-04-02T20:45:20+02:00
178	2012-06-21T15:26:48+02:00
178	2012-09-22T16:30:13+02:00
178	2012-04-05T12:20:22+02:00
178	2012-06-21T15:40:25+02:00
178	2012-09-22T16:48:35+02:00
178	2012-10-22T22:17:03+02:00
178	2012-06-09T16:14:16+02:00
178	2012-06-21T17:52:50+02:00
178	2012-10-23T15:15:15+02:00
178	2012-07-03T10:59:18+02:00
178	2012-10-23T16:14:11+02:00
178	2012-07-04T08:04:36+02:00
178	2012-10-23T21:15:05+02:00
178	2012-07-12T17:35:23+02:00
178	2012-07-19T01:00:42+02:00
178	2012-07-19T01:07:21+02:00
178	2012-06-15T16:46:45+02:00
178	2012-08-14T11:25:32+02:00
178	2012-06-15T22:32:44+02:00
178	2012-08-14T15:15:58+02:00
178	2012-06-16T00:34:47+02:00
178	2012-09-11T09:31:47+02:00
178	2012-06-19T09:52:37+02:00
178	2012-06-19T10:07:23+02:00
178	2012-09-15T23:33:19+02:00
178	2012-03-15T15:18:07+01:00
178	2012-09-16T09:03:17+02:00
178	2012-06-19T10:58:58+02:00
178	2012-09-22T15:28:30+02:00
179	2012-06-09T16:31:31+02:00
179	2012-10-24T18:27:14+02:00
179	2012-03-26T15:49:58+02:00
179	2012-04-05T19:35:41+02:00
179	2012-06-09T16:24:31+02:00
183	2012-03-20T11:58:01+01:00
183	2012-03-20T14:05:20+01:00
183	2012-03-20T10:45:14+01:00
183	2012-03-20T10:56:08+01:00
183	2012-03-20T10:57:52+01:00
183	2012-03-20T11:02:37+01:00
185	2012-03-21T17:05:59+01:00
186	2012-03-21T17:12:25+01:00
187	2012-03-22T12:48:26+01:00
187	2012-03-22T13:00:55+01:00
187	2012-03-22T13:51:25+01:00
187	2012-03-22T14:39:35+01:00
187	2012-03-23T17:47:49+01:00
187	2012-03-23T21:55:22+01:00
187	2012-03-31T15:20:52+02:00
187	2012-04-01T01:44:50+02:00
187	2012-04-01T18:39:48+02:00
187	2012-04-01T02:05:05+02:00
188	2012-03-28T21:29:00+02:00
189	2012-06-09T03:33:31+02:00
189	2012-06-09T03:34:14+02:00
190	2012-03-23T12:40:51+01:00
192	2012-04-30T11:50:48+02:00
193	2012-04-05T17:02:08+02:00
193	2012-04-05T19:31:23+02:00
193	2012-06-09T16:44:42+02:00
193	2012-06-09T16:49:23+02:00
193	2012-06-09T17:05:41+02:00
193	2012-06-11T00:59:44+02:00
193	2012-10-24T18:20:55+02:00
195	2012-04-19T15:29:39+02:00
195	2012-04-18T10:33:16+02:00
195	2012-04-18T14:04:29+02:00
195	2012-04-18T16:33:43+02:00
195	2012-04-18T19:13:18+02:00
195	2012-04-18T21:09:51+02:00
195	2012-04-18T23:44:57+02:00
196	2012-05-18T19:52:00+02:00
197	2012-03-26T15:48:04+02:00
197	2012-03-23T21:06:01+01:00
197	2012-03-25T19:24:32+02:00
197	2012-03-26T15:47:37+02:00
198	2012-04-26T02:57:41+02:00
198	2012-06-28T23:11:45+02:00
199	2012-04-25T08:51:38+02:00
199	2012-03-25T18:18:18+02:00
200	2012-03-27T16:57:18+02:00
200	2012-03-27T17:22:43+02:00
200	2012-03-27T17:27:11+02:00
200	2012-03-27T17:33:03+02:00
200	2012-04-25T08:48:21+02:00
200	2012-03-26T22:56:27+02:00
200	2012-03-27T10:08:29+02:00
200	2012-03-27T13:53:47+02:00
200	2012-03-27T16:11:55+02:00
202	2012-04-04T11:40:35+02:00
205	2012-12-18T14:37:29+01:00
206	2012-03-29T10:37:47+02:00
206	2012-03-30T07:47:50+02:00
210	2012-04-25T08:44:16+02:00
210	2012-04-08T20:50:57+02:00
210	2012-04-09T15:33:14+02:00
211	2012-04-11T21:03:36+02:00
211	2012-04-11T16:40:10+02:00
211	2012-04-11T20:43:41+02:00
212	2012-04-18T17:43:59+02:00
212	2012-04-14T16:23:47+02:00
212	2012-04-14T18:36:52+02:00
213	2012-05-18T19:46:40+02:00
213	2012-04-19T15:39:55+02:00
216	2012-05-18T19:45:29+02:00
217	2012-06-22T15:04:41+02:00
217	2012-06-22T15:27:25+02:00
217	2012-09-11T09:46:14+02:00
217	2012-05-23T21:16:12+02:00
217	2012-06-09T16:53:24+02:00
217	2012-06-14T19:49:06+02:00
217	2012-06-19T13:12:22+02:00
217	2012-06-19T15:29:08+02:00
217	2012-06-19T19:26:15+02:00
217	2012-06-20T20:40:34+02:00
218	2012-04-19T15:34:20+02:00
218	2012-05-10T03:58:03+02:00
219	2012-04-24T12:11:43+02:00
219	2012-04-25T17:08:50+02:00
219	2012-04-26T02:41:07+02:00
219	2012-04-27T12:10:23+02:00
219	2012-04-27T13:36:51+02:00
219	2012-04-24T12:00:24+02:00
220	2012-04-30T11:52:31+02:00
220	2012-04-30T12:42:07+02:00
220	2012-04-30T13:32:15+02:00
220	2012-04-20T14:26:06+02:00
220	2012-04-22T16:38:34+02:00
221	2012-04-22T12:57:26+02:00
221	2012-04-26T02:53:43+02:00
221	2012-04-26T13:20:19+02:00
222	2012-10-02T13:25:39+02:00
223	2013-03-07T16:31:52+01:00
223	2013-03-07T17:30:06+01:00
223	2013-03-07T17:33:30+01:00
223	2013-09-09T15:38:48+02:00
224	2012-05-18T19:42:56+02:00
225	2012-04-25T17:02:07+02:00
225	2012-04-29T20:07:06+02:00
225	2012-05-02T12:30:32+02:00
226	2012-06-09T03:05:53+02:00
227	2012-05-02T13:33:34+02:00
227	2012-04-26T20:18:12+02:00
227	2012-04-27T11:28:19+02:00
228	2012-05-02T13:50:18+02:00
228	2013-03-18T13:15:56+01:00
228	2012-04-26T20:38:01+02:00
229	2012-04-26T20:38:41+02:00
230	2012-05-03T15:15:26+02:00
230	2012-05-24T21:08:12+02:00
230	2012-04-29T22:27:59+02:00
230	2012-05-02T17:17:24+02:00
230	2012-05-03T15:11:29+02:00
231	2012-06-09T03:38:21+02:00
232	2012-06-28T23:13:09+02:00
232	2012-04-30T21:20:00+02:00
232	2012-05-14T11:01:30+02:00
232	2012-05-14T17:05:10+02:00
232	2012-05-15T12:12:36+02:00
232	2012-06-06T16:09:36+02:00
233	2012-04-27T12:16:08+02:00
234	2012-05-18T19:41:05+02:00
234	2012-06-09T03:05:11+02:00
235	2012-06-08T13:33:48+02:00
235	2012-04-27T15:48:38+02:00
236	2012-10-02T12:52:58+02:00
237	2012-10-02T12:53:37+02:00
238	2012-05-18T19:43:36+02:00
240	2012-08-25T18:25:49+02:00
240	2012-10-02T12:54:11+02:00
242	2012-10-02T13:07:05+02:00
242	2012-04-27T10:20:08+02:00
242	2012-04-27T11:57:45+02:00
242	2012-04-30T21:21:20+02:00
242	2012-05-01T11:19:36+02:00
242	2012-05-01T12:40:16+02:00
242	2012-05-01T13:13:08+02:00
243	2012-05-22T09:05:12+02:00
243	2012-04-27T14:04:08+02:00
243	2012-05-06T17:51:43+02:00
243	2012-05-06T19:05:46+02:00
243	2012-05-07T10:37:03+02:00
243	2012-05-08T15:43:52+02:00
243	2012-05-10T14:10:05+02:00
243	2012-05-14T14:22:27+02:00
243	2012-05-15T17:02:16+02:00
243	2012-05-21T21:24:32+02:00
243	2012-05-22T02:29:20+02:00
244	2012-04-27T13:41:36+02:00
244	2012-04-27T13:02:28+02:00
245	2012-11-04T14:53:35+01:00
245	2013-09-09T15:38:01+02:00
245	2012-11-08T09:24:31+01:00
245	2012-11-24T18:44:41+01:00
245	2013-09-09T15:06:51+02:00
246	2012-10-15T12:45:53+02:00
246	2012-04-27T13:38:31+02:00
247	2012-06-09T03:39:43+02:00
247	2013-06-05T16:51:01+02:00
247	2013-06-10T16:04:58+02:00
247	2012-04-30T02:34:17+02:00
247	2013-06-17T09:18:57+02:00
247	2012-04-30T02:37:42+02:00
247	2012-04-30T12:39:31+02:00
248	2012-06-12T15:32:29+02:00
248	2012-04-30T17:52:57+02:00
249	2013-05-15T13:39:34+02:00
249	2012-06-26T03:31:35+02:00
249	2013-05-15T15:26:33+02:00
249	2012-10-02T12:37:39+02:00
249	2013-05-12T21:47:29+02:00
249	2013-05-15T15:27:37+02:00
249	2013-05-15T15:30:33+02:00
249	2013-09-14T18:12:14+02:00
249	2013-05-13T10:37:32+02:00
249	2013-05-13T13:11:49+02:00
249	2013-05-16T02:01:41+02:00
249	2013-05-13T14:42:44+02:00
249	2013-05-16T12:55:13+02:00
249	2013-05-13T18:16:50+02:00
249	2013-05-15T09:44:50+02:00
250	2012-05-03T15:07:55+02:00
251	2012-05-18T19:36:19+02:00
252	2012-05-02T17:14:06+02:00
252	2012-06-12T15:40:37+02:00
253	2013-07-31T17:59:45+02:00
253	2012-05-02T17:42:53+02:00
253	2013-07-31T17:59:39+02:00
254	2012-05-10T15:12:02+02:00
254	2012-05-12T12:36:45+02:00
254	2012-05-15T12:13:59+02:00
254	2012-05-15T20:34:53+02:00
254	2012-05-21T21:22:03+02:00
254	2012-05-24T21:09:21+02:00
255	2012-05-03T15:23:02+02:00
255	2012-05-24T15:19:26+02:00
256	2012-05-03T17:19:25+02:00
256	2012-05-10T15:04:23+02:00
256	2012-05-10T15:04:54+02:00
256	2012-10-08T21:12:00+02:00
257	2012-06-08T13:38:11+02:00
260	2012-06-28T23:19:28+02:00
261	2012-05-18T19:33:33+02:00
263	2012-05-10T15:01:38+02:00
263	2012-06-09T03:05:18+02:00
264	2012-05-10T16:54:37+02:00
264	2012-05-10T14:07:52+02:00
266	2012-05-11T14:49:26+02:00
266	2012-05-18T00:21:24+02:00
266	2012-06-09T03:03:47+02:00
267	2012-06-12T12:07:43+02:00
267	2012-06-15T16:48:13+02:00
267	2012-05-21T21:22:57+02:00
267	2012-06-04T10:50:35+02:00
267	2012-06-04T10:51:01+02:00
267	2012-06-09T00:12:53+02:00
268	2012-05-29T15:27:49+02:00
268	2012-06-06T19:19:30+02:00
268	2012-06-06T19:20:03+02:00
269	2012-05-25T15:23:57+02:00
270	2012-05-25T16:05:07+02:00
270	2012-05-25T18:13:27+02:00
270	2012-06-04T11:00:14+02:00
270	2012-06-04T14:05:50+02:00
270	2012-10-02T13:26:31+02:00
275	2012-06-09T14:41:54+02:00
275	2012-06-04T18:34:59+02:00
275	2012-06-09T03:00:28+02:00
276	2012-10-02T13:18:28+02:00
277	2012-10-02T13:24:09+02:00
278	2012-06-18T16:54:41+02:00
278	2012-06-18T17:44:22+02:00
278	2012-06-08T14:57:51+02:00
278	2012-06-18T21:44:46+02:00
278	2012-06-09T03:37:18+02:00
278	2012-10-15T12:32:27+02:00
278	2012-10-24T20:28:31+02:00
278	2012-06-09T13:29:51+02:00
278	2012-06-09T15:58:17+02:00
278	2012-06-10T22:17:14+02:00
278	2012-06-11T10:46:31+02:00
278	2012-06-12T10:13:06+02:00
278	2012-06-12T11:44:54+02:00
278	2012-06-18T11:24:21+02:00
278	2012-06-18T14:16:25+02:00
279	2012-06-28T23:12:35+02:00
279	2012-06-09T03:44:09+02:00
279	2012-06-09T03:55:53+02:00
280	2012-09-01T00:29:04+02:00
280	2012-06-07T13:14:55+02:00
280	2012-06-07T15:41:07+02:00
280	2012-06-07T17:47:20+02:00
280	2012-06-08T16:34:56+02:00
280	2012-06-08T20:29:37+02:00
280	2012-06-09T03:46:09+02:00
280	2012-06-09T15:05:16+02:00
280	2012-06-11T01:04:39+02:00
280	2012-06-11T01:16:48+02:00
281	2012-06-07T18:02:19+02:00
283	2012-06-28T22:13:51+02:00
283	2012-10-24T18:27:41+02:00
283	2012-06-30T13:18:35+02:00
283	2012-06-30T13:44:51+02:00
283	2012-06-30T13:50:41+02:00
283	2012-06-30T14:02:07+02:00
283	2012-06-30T20:37:55+02:00
283	2012-07-11T13:52:04+02:00
283	2012-07-12T14:16:55+02:00
283	2012-07-12T14:19:29+02:00
283	2012-06-13T15:34:01+02:00
283	2012-07-12T15:46:56+02:00
283	2012-07-13T02:22:02+02:00
283	2012-07-27T05:29:43+02:00
283	2012-06-22T13:41:03+02:00
283	2012-07-27T13:12:25+02:00
283	2012-06-22T15:12:44+02:00
283	2012-07-30T23:24:46+02:00
283	2012-07-30T23:47:29+02:00
283	2012-07-31T14:40:23+02:00
284	2012-06-28T23:20:16+02:00
292	2012-06-09T03:13:24+02:00
292	2012-06-09T14:46:19+02:00
292	2012-06-11T01:05:54+02:00
292	2012-10-02T13:24:47+02:00
293	2012-06-09T17:26:27+02:00
294	2012-06-11T06:00:01+02:00
294	2012-06-10T23:44:04+02:00
294	2012-06-10T23:44:18+02:00
299	2012-06-13T00:37:59+02:00
300	2012-06-12T15:44:09+02:00
300	2012-06-28T23:15:00+02:00
300	2012-06-12T15:42:51+02:00
301	2012-06-13T19:39:36+02:00
301	2012-10-08T22:37:28+02:00
301	2012-06-14T19:17:16+02:00
303	2012-10-15T11:44:31+02:00
303	2013-03-07T16:19:07+01:00
303	2012-10-26T19:27:33+02:00
303	2012-10-26T19:36:44+02:00
303	2012-10-26T19:43:58+02:00
303	2012-10-26T19:50:32+02:00
303	2012-10-26T19:54:25+02:00
303	2013-02-27T20:33:19+01:00
303	2013-03-04T11:42:10+01:00
304	2012-06-14T18:41:49+02:00
304	2012-06-14T20:14:59+02:00
304	2012-06-28T23:50:00+02:00
304	2012-06-28T23:59:37+02:00
305	2012-06-28T23:16:45+02:00
306	2012-06-22T19:15:32+02:00
308	2012-06-15T07:48:00+02:00
308	2012-06-15T11:31:19+02:00
308	2012-06-15T11:37:38+02:00
308	2012-06-15T11:41:02+02:00
308	2012-06-16T23:40:14+02:00
308	2012-10-15T12:29:57+02:00
309	2012-06-15T07:50:55+02:00
309	2012-06-15T11:31:59+02:00
309	2012-06-28T23:25:37+02:00
309	2012-10-15T12:32:36+02:00
309	2012-10-24T20:18:34+02:00
310	2012-06-15T11:30:29+02:00
310	2012-06-28T23:17:47+02:00
310	2012-06-15T07:59:58+02:00
310	2012-06-15T08:02:43+02:00
310	2012-06-15T11:28:47+02:00
311	2012-10-13T17:07:20+02:00
311	2012-06-15T15:28:13+02:00
311	2012-06-15T16:56:23+02:00
311	2012-06-15T17:54:00+02:00
312	2012-06-18T11:33:51+02:00
312	2012-06-28T23:14:19+02:00
313	2012-06-29T01:53:30+02:00
313	2012-06-18T23:25:32+02:00
314	2012-06-19T10:48:26+02:00
314	2012-06-20T03:16:09+02:00
314	2012-06-20T22:24:19+02:00
314	2012-06-20T22:22:44+02:00
314	2012-06-19T00:07:26+02:00
315	2012-06-28T23:18:29+02:00
316	2012-06-20T02:28:10+02:00
316	2012-06-20T14:38:27+02:00
316	2012-06-20T15:58:24+02:00
316	2012-06-28T23:23:33+02:00
317	2012-10-15T12:32:49+02:00
317	2012-10-24T20:19:33+02:00
317	2012-10-24T20:19:39+02:00
317	2012-06-20T15:56:25+02:00
317	2012-06-25T02:10:14+02:00
317	2012-06-28T23:18:56+02:00
318	2012-06-21T18:21:55+02:00
318	2012-10-24T20:27:33+02:00
318	2012-06-28T23:13:48+02:00
318	2012-10-15T12:31:43+02:00
319	2012-06-22T01:20:47+02:00
320	2012-06-28T23:26:33+02:00
320	2012-10-15T12:32:19+02:00
320	2012-10-24T20:29:00+02:00
320	2012-10-24T20:29:05+02:00
321	2012-10-02T13:22:51+02:00
321	2012-06-22T09:25:28+02:00
323	2012-06-22T19:16:37+02:00
323	2012-06-22T19:57:16+02:00
323	2012-06-23T00:24:28+02:00
323	2012-06-23T08:39:08+02:00
324	2012-06-26T03:02:40+02:00
324	2012-10-02T13:16:35+02:00
324	2012-10-02T13:16:49+02:00
324	2013-02-20T21:22:55+01:00
325	2012-06-25T02:12:24+02:00
325	2012-06-25T18:37:17+02:00
325	2012-06-25T18:44:47+02:00
325	2012-06-26T02:58:51+02:00
325	2012-06-27T06:27:05+02:00
325	2012-10-02T13:17:42+02:00
325	2012-10-15T13:03:02+02:00
326	2012-06-29T00:36:14+02:00
326	2012-06-26T19:47:01+02:00
326	2012-06-28T23:06:20+02:00
328	2012-07-05T11:32:57+02:00
328	2012-07-03T11:38:45+02:00
328	2012-07-03T13:41:26+02:00
328	2012-07-03T14:07:37+02:00
328	2012-07-03T14:22:48+02:00
328	2012-07-03T15:39:02+02:00
328	2012-07-04T04:38:18+02:00
328	2012-07-04T10:05:27+02:00
328	2012-07-04T10:51:16+02:00
328	2012-07-04T11:19:40+02:00
329	2012-07-05T11:41:40+02:00
329	2012-07-05T11:39:39+02:00
331	2012-10-11T15:59:32+02:00
331	2012-10-11T17:01:59+02:00
331	2012-10-11T17:04:36+02:00
331	2012-10-11T22:41:35+02:00
331	2012-10-12T10:28:37+02:00
331	2012-10-14T11:53:05+02:00
331	2012-10-12T15:49:24+02:00
331	2012-10-08T22:38:08+02:00
331	2012-10-12T16:17:46+02:00
331	2012-10-13T15:01:54+02:00
331	2012-10-14T11:35:31+02:00
331	2012-10-09T20:58:50+02:00
331	2012-10-11T15:46:25+02:00
332	2012-10-08T22:38:20+02:00
332	2012-10-15T11:42:16+02:00
332	2012-10-26T19:08:46+02:00
332	2012-10-26T19:25:10+02:00
333	2012-07-06T11:37:49+02:00
333	2012-07-05T20:50:59+02:00
334	2012-10-02T13:19:46+02:00
335	2013-01-30T12:02:28+01:00
335	2012-07-18T17:39:59+02:00
335	2012-07-18T23:36:12+02:00
335	2012-07-19T00:14:11+02:00
335	2012-07-19T05:27:50+02:00
335	2012-07-19T09:44:13+02:00
335	2012-09-12T14:30:32+02:00
335	2012-10-16T11:01:31+02:00
335	2013-01-13T12:19:49+01:00
335	2013-01-15T10:44:02+01:00
336	2012-07-19T16:02:26+02:00
336	2012-07-21T17:44:51+02:00
337	2012-10-02T13:20:08+02:00
338	2012-10-15T12:27:03+02:00
340	2013-09-09T15:31:44+02:00
341	2012-08-28T17:20:32+02:00
341	2012-08-28T18:00:50+02:00
341	2012-09-01T00:23:17+02:00
341	2012-08-27T15:17:22+02:00
341	2012-08-27T15:19:13+02:00
341	2012-08-27T15:40:07+02:00
341	2012-08-27T19:56:43+02:00
341	2012-08-27T20:13:13+02:00
341	2012-08-27T21:39:44+02:00
341	2012-08-28T11:29:49+02:00
343	2012-09-01T00:38:16+02:00
343	2012-09-10T12:59:53+02:00
344	2012-10-09T21:06:48+02:00
344	2012-10-15T11:32:31+02:00
344	2012-09-04T20:28:25+02:00
344	2012-10-02T13:27:15+02:00
344	2012-10-08T22:11:18+02:00
345	2012-10-19T09:23:55+02:00
345	2012-10-01T14:37:19+02:00
346	2012-09-12T14:31:37+02:00
346	2012-09-12T14:29:36+02:00
347	2012-09-17T11:44:11+02:00
347	2012-09-17T17:19:08+02:00
347	2012-09-17T19:11:34+02:00
347	2012-10-24T18:29:20+02:00
347	2012-09-18T14:30:26+02:00
347	2012-09-22T15:26:56+02:00
348	2012-10-08T22:38:51+02:00
348	2014-09-18T13:44:42+02:00
348	2014-09-18T14:16:22+02:00
348	2014-09-19T15:39:40+02:00
348	2012-10-10T02:29:59+02:00
348	2014-09-20T21:47:48+02:00
348	2014-09-21T14:14:39+02:00
348	2012-10-11T16:04:07+02:00
348	2014-09-21T16:16:00+02:00
348	2014-09-21T16:36:58+02:00
348	2014-09-10T17:04:42+02:00
348	2012-10-08T22:27:36+02:00
349	2012-10-09T21:00:19+02:00
349	2012-10-11T19:35:56+02:00
349	2012-10-19T09:36:13+02:00
349	2012-10-19T16:36:15+02:00
349	2012-10-19T17:17:42+02:00
349	2012-10-19T17:15:20+02:00
349	2012-10-02T12:39:53+02:00
349	2012-10-08T22:25:54+02:00
350	2012-10-12T13:02:58+02:00
350	2012-10-08T22:27:08+02:00
351	2012-10-15T12:44:32+02:00
351	2012-10-24T18:33:55+02:00
352	2012-10-09T21:45:38+02:00
352	2012-10-10T10:46:02+02:00
352	2012-10-09T00:08:25+02:00
353	2012-10-02T11:58:26+02:00
353	2012-10-15T12:37:54+02:00
354	2012-10-31T22:53:25+01:00
354	2012-11-20T17:59:02+01:00
354	2012-10-15T12:40:31+02:00
355	2012-10-15T12:47:40+02:00
355	2012-10-15T13:21:08+02:00
355	2012-11-02T18:31:04+01:00
355	2013-03-09T15:09:47+01:00
356	2012-10-08T22:11:41+02:00
356	2012-10-15T11:29:30+02:00
356	2012-10-02T13:22:03+02:00
357	2012-10-08T22:26:39+02:00
357	2012-10-12T13:21:37+02:00
357	2012-10-12T13:23:25+02:00
357	2012-10-15T02:50:00+02:00
358	2012-10-15T11:43:16+02:00
358	2013-09-09T14:56:41+02:00
358	2013-09-09T15:06:51+02:00
358	2013-09-09T15:41:45+02:00
360	2012-10-15T12:01:39+02:00
360	2013-02-28T02:54:37+01:00
360	2012-10-08T22:57:13+02:00
361	2012-10-23T12:22:40+02:00
361	2012-10-23T17:30:05+02:00
361	2012-10-24T21:26:52+02:00
361	2012-10-24T10:59:52+02:00
361	2012-10-24T15:59:18+02:00
361	2012-10-15T12:52:17+02:00
361	2012-10-24T18:06:14+02:00
361	2012-10-15T12:59:16+02:00
361	2012-10-20T01:15:44+02:00
361	2012-10-21T17:31:56+02:00
361	2012-10-23T09:47:06+02:00
361	2012-10-23T09:50:46+02:00
361	2012-10-23T10:58:50+02:00
362	2012-10-15T13:01:59+02:00
362	2012-10-02T16:43:53+02:00
362	2012-10-02T18:16:17+02:00
362	2012-10-02T18:18:21+02:00
363	2013-02-28T13:55:36+01:00
363	2013-02-28T14:20:23+01:00
363	2013-04-18T13:05:09+02:00
363	2012-10-09T09:29:37+02:00
363	2013-04-18T17:24:03+02:00
363	2012-10-09T12:54:12+02:00
363	2013-04-18T15:23:31+02:00
363	2012-10-09T20:41:23+02:00
363	2013-04-18T15:25:10+02:00
363	2013-02-05T15:39:58+01:00
363	2013-02-06T09:02:07+01:00
363	2013-04-18T15:29:45+02:00
363	2013-02-28T02:56:04+01:00
363	2013-02-28T02:59:05+01:00
363	2013-02-28T13:41:05+01:00
364	2012-10-09T21:49:56+02:00
365	2012-10-09T21:16:04+02:00
365	2012-10-10T11:03:12+02:00
365	2012-10-15T11:23:18+02:00
365	2012-10-10T13:18:37+02:00
365	2012-10-12T11:10:00+02:00
366	2012-10-09T20:54:22+02:00
367	2012-10-15T02:44:44+02:00
368	2013-09-09T14:59:28+02:00
368	2012-10-09T21:24:12+02:00
368	2012-10-14T11:49:01+02:00
368	2012-10-15T02:45:03+02:00
368	2012-10-15T02:45:46+02:00
369	2014-06-13T17:36:59+02:00
369	2014-06-13T17:39:01+02:00
369	2014-06-13T17:59:55+02:00
369	2014-03-28T02:11:22+01:00
369	2014-08-22T16:14:41+02:00
369	2014-06-13T16:51:23+02:00
369	2014-06-13T17:23:53+02:00
369	2014-06-13T17:27:05+02:00
370	2014-04-28T11:26:58+02:00
370	2012-10-15T20:01:26+02:00
370	2012-11-03T16:11:41+01:00
370	2012-11-24T22:36:07+01:00
370	2012-12-01T14:29:50+01:00
370	2012-12-01T14:59:00+01:00
370	2012-12-01T15:35:12+01:00
370	2012-12-01T15:49:58+01:00
371	2012-10-11T16:20:17+02:00
371	2013-02-27T20:48:48+01:00
371	2013-03-07T17:27:09+01:00
372	2012-10-15T11:25:06+02:00
373	2012-10-15T12:56:33+02:00
374	2012-10-11T16:12:15+02:00
374	2013-09-09T15:42:17+02:00
375	2012-10-12T13:01:50+02:00
375	2012-10-11T19:22:02+02:00
376	2012-10-11T19:31:28+02:00
376	2012-10-11T16:55:18+02:00
377	2012-10-11T17:33:38+02:00
377	2012-10-12T19:26:47+02:00
377	2012-10-11T18:04:08+02:00
377	2012-10-11T19:25:06+02:00
377	2012-10-11T20:01:53+02:00
377	2012-10-11T17:20:40+02:00
378	2012-10-12T12:53:00+02:00
379	2012-10-11T20:03:31+02:00
379	2012-10-12T10:32:58+02:00
379	2012-10-12T10:33:35+02:00
380	2013-02-20T21:19:38+01:00
380	2012-10-13T13:39:19+02:00
380	2012-10-14T11:54:02+02:00
380	2012-10-15T02:51:18+02:00
381	2012-10-12T14:52:31+02:00
381	2012-10-12T16:37:31+02:00
381	2012-10-12T16:54:06+02:00
381	2012-10-12T18:20:48+02:00
381	2012-10-12T14:07:27+02:00
382	2013-10-23T11:05:39+02:00
382	2014-03-03T13:20:06+01:00
382	2013-10-23T11:06:19+02:00
382	2014-03-08T22:29:06+01:00
382	2013-10-29T13:01:21+01:00
382	2014-03-08T22:44:37+01:00
382	2012-10-14T16:34:45+02:00
382	2013-12-20T11:02:11+01:00
382	2014-03-08T23:42:24+01:00
382	2014-03-13T23:41:23+01:00
382	2014-02-05T15:56:05+01:00
382	2012-10-14T18:12:20+02:00
382	2014-02-05T15:56:36+01:00
382	2012-10-15T12:39:33+02:00
382	2012-10-15T19:38:35+02:00
382	2014-03-03T12:58:20+01:00
382	2014-03-03T13:08:50+01:00
383	2013-10-09T14:11:04+02:00
383	2013-09-09T15:06:27+02:00
383	2013-09-09T15:28:20+02:00
384	2012-10-15T17:10:57+02:00
384	2012-12-01T15:00:58+01:00
386	2012-10-17T20:41:42+02:00
386	2013-03-07T17:30:06+01:00
386	2013-03-07T17:33:30+01:00
386	2013-10-09T13:57:54+02:00
387	2012-11-07T13:00:10+01:00
387	2012-10-17T18:31:23+02:00
387	2012-10-17T20:39:11+02:00
388	2013-10-11T14:50:05+02:00
388	2012-10-17T20:43:59+02:00
388	2013-02-27T20:46:49+01:00
388	2013-03-07T16:31:09+01:00
388	2013-03-13T14:29:24+01:00
388	2013-10-10T18:07:51+02:00
389	2013-03-07T17:30:06+01:00
389	2013-03-07T17:33:30+01:00
389	2013-10-09T13:59:13+02:00
390	2014-04-28T11:53:11+02:00
390	2014-06-12T12:33:46+02:00
390	2012-10-25T18:40:24+02:00
390	2012-10-29T14:10:17+01:00
390	2014-08-21T14:16:52+02:00
391	2012-11-02T17:44:59+01:00
391	2012-10-19T21:13:17+02:00
393	2012-10-19T17:18:34+02:00
394	2013-10-09T14:01:40+02:00
394	2013-10-10T03:10:42+02:00
394	2013-03-07T17:30:06+01:00
394	2013-03-07T17:33:30+01:00
394	2013-04-10T23:24:58+02:00
394	2013-04-23T09:56:56+02:00
395	2012-11-02T17:17:01+01:00
396	2013-09-09T15:46:05+02:00
396	2013-03-07T17:30:06+01:00
396	2013-03-07T17:33:30+01:00
397	2012-10-22T17:46:25+02:00
397	2012-11-08T09:56:33+01:00
397	2012-11-24T18:48:07+01:00
397	2012-12-25T18:54:40+01:00
397	2013-03-07T17:55:41+01:00
397	2012-12-25T18:56:01+01:00
397	2012-12-25T20:04:22+01:00
397	2012-12-26T19:06:35+01:00
397	2012-12-27T03:16:56+01:00
398	2012-10-23T12:48:12+02:00
398	2013-03-07T17:56:54+01:00
398	2013-03-07T17:58:50+01:00
399	2012-10-23T17:33:20+02:00
399	2013-09-09T15:27:46+02:00
400	2012-12-06T16:27:58+01:00
400	2012-10-23T21:13:55+02:00
401	2013-03-07T17:33:30+01:00
401	2013-03-07T17:59:26+01:00
401	2013-04-03T13:04:48+02:00
401	2013-04-04T13:34:19+02:00
401	2013-10-09T14:05:51+02:00
401	2013-03-07T17:30:06+01:00
403	2012-10-25T15:53:28+02:00
404	2012-10-24T20:39:57+02:00
404	2012-10-24T20:44:33+02:00
404	2012-10-24T21:29:11+02:00
404	2012-11-22T17:51:31+01:00
405	2012-10-24T20:27:00+02:00
406	2012-11-24T19:01:11+01:00
406	2013-03-18T09:15:03+01:00
406	2012-11-24T19:27:19+01:00
406	2013-03-18T12:41:54+01:00
406	2013-03-19T23:36:04+01:00
406	2012-11-24T20:34:59+01:00
406	2013-03-20T09:43:44+01:00
406	2012-11-26T16:43:17+01:00
406	2012-12-04T22:16:37+01:00
406	2012-12-05T01:26:22+01:00
406	2012-12-05T11:50:40+01:00
406	2012-10-26T19:31:00+02:00
406	2012-12-06T08:49:25+01:00
406	2012-10-26T22:38:33+02:00
406	2013-02-21T18:32:32+01:00
406	2012-10-27T11:39:38+02:00
406	2012-10-27T15:15:55+02:00
406	2012-10-27T20:44:01+02:00
406	2012-11-22T18:20:14+01:00
406	2013-02-22T02:07:39+01:00
407	2013-02-21T18:34:02+01:00
408	2013-09-09T15:06:27+02:00
409	2012-10-31T12:09:51+01:00
409	2012-10-30T15:25:14+01:00
409	2012-10-30T18:49:47+01:00
410	2013-09-09T15:21:21+02:00
411	2012-10-24T21:11:02+02:00
412	2012-10-24T21:12:59+02:00
413	2012-11-29T10:20:17+01:00
413	2013-05-04T16:12:57+02:00
415	2012-11-14T09:59:36+01:00
415	2012-11-14T12:19:17+01:00
415	2012-11-15T17:28:33+01:00
415	2012-11-15T17:34:38+01:00
415	2012-11-28T14:25:59+01:00
415	2012-12-01T04:09:29+01:00
415	2012-12-01T04:09:52+01:00
415	2012-11-11T20:56:58+01:00
416	2012-11-15T09:30:16+01:00
417	2013-03-07T17:23:30+01:00
417	2013-03-07T17:23:53+01:00
420	2012-10-26T17:32:29+02:00
421	2012-10-26T19:30:44+02:00
422	2013-03-18T12:05:32+01:00
423	2013-09-09T15:21:32+02:00
423	2012-10-29T14:08:44+01:00
423	2012-10-29T21:41:52+01:00
424	2012-10-31T18:01:57+01:00
425	2013-09-09T15:20:32+02:00
425	2012-11-08T19:49:55+01:00
425	2012-11-09T09:25:26+01:00
425	2012-11-09T13:07:42+01:00
425	2012-11-10T11:17:14+01:00
425	2012-11-17T17:44:48+01:00
425	2012-11-18T13:02:45+01:00
425	2012-11-18T13:04:13+01:00
425	2012-11-19T15:11:26+01:00
425	2012-11-19T17:04:50+01:00
425	2012-11-19T17:32:37+01:00
425	2012-11-20T02:34:37+01:00
425	2012-11-20T17:19:07+01:00
426	2012-11-06T17:42:53+01:00
426	2012-10-31T13:31:13+01:00
426	2012-10-31T13:34:52+01:00
426	2012-10-31T13:41:13+01:00
426	2012-10-31T13:52:36+01:00
426	2012-10-31T13:59:00+01:00
426	2012-10-31T14:39:18+01:00
426	2012-11-02T17:15:48+01:00
427	2012-11-03T23:27:59+01:00
427	2012-11-04T13:07:01+01:00
427	2012-11-04T14:39:43+01:00
427	2012-11-05T22:44:56+01:00
427	2012-11-07T14:01:52+01:00
427	2012-11-06T05:59:03+01:00
427	2012-11-06T09:48:04+01:00
427	2012-11-06T09:55:53+01:00
427	2012-11-06T10:30:00+01:00
428	2013-02-20T21:20:05+01:00
429	2012-11-04T14:30:12+01:00
429	2013-03-07T17:30:06+01:00
429	2013-03-07T17:33:30+01:00
429	2013-04-03T13:01:42+02:00
429	2013-10-09T14:06:19+02:00
431	2012-11-18T13:09:47+01:00
431	2012-11-19T12:00:45+01:00
431	2012-11-19T13:07:13+01:00
431	2012-11-30T19:47:06+01:00
431	2012-12-01T20:59:21+01:00
431	2012-12-13T10:11:04+01:00
432	2013-01-11T15:03:11+01:00
432	2013-03-09T14:03:18+01:00
432	2013-01-16T08:59:53+01:00
432	2013-03-09T14:36:48+01:00
432	2013-01-16T16:20:42+01:00
432	2013-02-01T22:39:43+01:00
432	2013-02-06T15:42:27+01:00
432	2013-02-13T16:29:17+01:00
432	2013-03-08T23:03:50+01:00
432	2013-03-09T12:12:46+01:00
432	2012-11-08T17:24:49+01:00
432	2013-03-09T12:15:39+01:00
432	2012-11-08T19:06:23+01:00
432	2013-03-09T13:04:48+01:00
432	2012-11-11T20:55:10+01:00
432	2013-03-09T13:10:35+01:00
432	2013-03-09T13:16:44+01:00
433	2012-11-08T00:14:45+01:00
433	2012-11-08T00:57:34+01:00
435	2013-06-03T09:41:53+02:00
435	2013-10-09T14:07:31+02:00
435	2012-11-08T15:09:50+01:00
435	2012-11-17T17:53:29+01:00
435	2013-03-07T17:52:52+01:00
435	2013-05-04T15:03:28+02:00
436	2012-11-22T17:43:15+01:00
436	2012-11-22T17:46:01+01:00
436	2012-11-09T09:28:27+01:00
436	2012-11-09T13:03:31+01:00
436	2012-11-09T14:56:02+01:00
436	2012-11-10T11:46:26+01:00
437	2012-11-18T13:08:29+01:00
437	2012-11-18T13:26:43+01:00
437	2012-12-12T09:32:18+01:00
438	2012-11-14T10:41:54+01:00
438	2012-11-12T10:56:30+01:00
438	2012-11-12T11:21:55+01:00
438	2012-11-12T17:15:38+01:00
438	2012-11-13T15:36:07+01:00
439	2013-09-09T15:27:02+02:00
439	2012-11-22T18:14:29+01:00
440	2012-11-20T02:07:51+01:00
440	2012-11-20T17:54:49+01:00
440	2012-11-20T02:26:08+01:00
440	2012-11-16T13:52:21+01:00
441	2013-10-10T03:37:37+02:00
441	2013-10-10T19:36:27+02:00
441	2013-10-10T19:30:20+02:00
441	2013-10-09T14:09:56+02:00
442	2013-09-09T15:26:25+02:00
442	2012-11-18T13:07:21+01:00
442	2012-11-18T13:30:10+01:00
442	2012-11-19T14:58:40+01:00
443	2013-03-18T11:59:47+01:00
443	2012-11-17T18:01:00+01:00
443	2013-03-07T18:00:51+01:00
444	2012-11-22T17:39:17+01:00
445	2012-11-22T18:20:39+01:00
445	2013-09-09T15:26:25+02:00
445	2012-11-22T17:38:59+01:00
446	2013-03-07T17:33:30+01:00
446	2013-04-02T17:42:51+02:00
446	2013-04-02T17:56:58+02:00
446	2013-04-03T12:45:45+02:00
446	2012-11-22T17:42:03+01:00
446	2013-04-03T13:06:05+02:00
446	2013-10-09T14:00:07+02:00
446	2012-12-01T17:30:39+01:00
446	2013-03-07T17:30:06+01:00
447	2012-12-18T14:35:53+01:00
448	2013-02-20T23:41:05+01:00
448	2012-11-25T16:13:48+01:00
449	2012-11-26T11:09:59+01:00
449	2012-11-26T11:47:05+01:00
449	2013-02-27T12:35:37+01:00
450	2012-11-22T19:14:55+01:00
450	2012-11-26T17:34:51+01:00
450	2012-11-26T21:06:00+01:00
450	2013-02-27T12:35:05+01:00
450	2012-11-26T22:07:37+01:00
450	2012-11-26T22:22:56+01:00
451	2012-12-03T14:24:21+01:00
451	2012-12-04T04:06:08+01:00
451	2012-12-04T22:20:29+01:00
451	2012-12-06T08:51:56+01:00
451	2013-02-20T23:39:48+01:00
452	2012-11-22T19:14:57+01:00
452	2012-11-26T23:57:52+01:00
452	2012-11-27T09:49:55+01:00
452	2013-02-20T21:24:40+01:00
453	2014-04-28T11:27:43+02:00
453	2014-09-05T14:31:12+02:00
453	2014-09-06T17:22:19+02:00
453	2014-09-08T11:50:53+02:00
453	2012-11-26T11:10:08+01:00
453	2013-09-09T15:06:27+02:00
454	2013-01-09T19:17:14+01:00
454	2013-09-09T15:33:18+02:00
454	2012-12-18T14:35:05+01:00
455	2013-10-29T10:46:48+01:00
455	2012-12-18T14:34:53+01:00
456	2013-02-20T21:30:00+01:00
457	2014-04-28T14:49:57+02:00
457	2013-03-09T15:10:18+01:00
458	2013-02-20T21:23:50+01:00
458	2012-11-27T22:19:18+01:00
458	2012-11-28T08:43:49+01:00
459	2013-01-15T20:06:36+01:00
459	2013-01-16T08:52:50+01:00
459	2013-12-07T19:17:41+01:00
459	2013-12-07T19:18:27+01:00
459	2012-11-28T12:17:10+01:00
459	2012-11-28T14:23:01+01:00
459	2012-12-01T04:59:14+01:00
459	2013-01-15T11:03:02+01:00
459	2013-01-15T11:06:00+01:00
460	2012-12-23T14:38:58+01:00
460	2012-12-24T03:15:20+01:00
460	2012-12-24T15:32:08+01:00
460	2013-09-09T15:06:27+02:00
460	2013-12-13T13:10:23+01:00
460	2013-09-09T15:29:25+02:00
460	2012-12-01T04:05:39+01:00
460	2012-12-02T14:23:24+01:00
460	2012-12-04T04:08:26+01:00
460	2012-12-11T15:33:43+01:00
460	2012-12-18T14:22:31+01:00
460	2012-12-18T14:30:38+01:00
462	2013-02-20T21:25:00+01:00
462	2012-12-01T15:04:05+01:00
465	2012-12-01T02:59:55+01:00
465	2012-12-01T03:31:42+01:00
465	2012-12-01T20:50:39+01:00
465	2012-12-01T01:52:01+01:00
465	2012-12-01T02:26:01+01:00
466	2013-09-09T15:30:58+02:00
467	2012-12-01T21:09:13+01:00
467	2012-12-02T14:06:20+01:00
467	2013-02-27T20:56:50+01:00
467	2013-03-07T17:15:56+01:00
468	2012-12-07T17:47:33+01:00
469	2013-03-07T17:30:06+01:00
469	2013-03-07T17:33:30+01:00
469	2013-10-09T13:58:20+02:00
470	2013-01-07T12:35:44+01:00
470	2012-12-13T18:43:26+01:00
470	2012-12-14T00:35:58+01:00
470	2012-12-19T09:22:45+01:00
470	2012-12-19T17:37:32+01:00
470	2012-12-19T23:47:29+01:00
470	2012-12-19T23:52:07+01:00
471	2013-09-26T13:06:04+02:00
471	2012-12-09T11:42:32+01:00
471	2012-12-09T11:44:17+01:00
471	2013-09-09T15:25:25+02:00
471	2013-09-09T15:25:38+02:00
471	2013-09-26T12:44:02+02:00
472	2012-12-13T19:28:06+01:00
472	2013-03-08T23:07:58+01:00
472	2012-12-18T16:02:00+01:00
472	2012-12-19T09:24:33+01:00
473	2012-12-18T14:34:17+01:00
473	2013-04-03T18:32:41+02:00
473	2013-04-04T00:34:37+02:00
473	2013-04-04T15:52:06+02:00
473	2013-04-04T13:58:09+02:00
473	2013-03-07T17:30:06+01:00
473	2013-03-07T17:33:30+01:00
473	2013-04-03T18:32:03+02:00
473	2013-04-03T18:32:30+02:00
474	2012-12-19T11:22:23+01:00
475	2012-12-19T11:12:06+01:00
475	2012-12-18T00:55:54+01:00
476	2012-12-19T17:52:55+01:00
478	2013-01-01T23:13:58+01:00
479	2012-12-27T03:15:58+01:00
479	2012-12-27T11:52:05+01:00
479	2013-01-03T13:39:01+01:00
479	2013-01-03T13:41:37+01:00
479	2013-01-05T14:45:09+01:00
479	2013-01-07T12:10:54+01:00
479	2013-09-09T15:30:12+02:00
479	2012-12-26T19:05:51+01:00
479	2012-12-26T19:11:57+01:00
479	2012-12-26T20:26:29+01:00
479	2012-12-26T20:38:50+01:00
480	2013-01-07T13:19:02+01:00
480	2013-02-20T21:34:46+01:00
480	2012-12-27T03:17:20+01:00
480	2013-01-01T23:12:58+01:00
480	2013-01-06T12:03:34+01:00
481	2013-07-31T18:16:25+02:00
482	2013-01-02T12:48:24+01:00
482	2013-01-06T12:01:33+01:00
482	2013-01-06T12:50:55+01:00
482	2013-09-09T15:26:25+02:00
483	2013-01-01T23:09:49+01:00
483	2013-03-18T13:30:45+01:00
483	2013-03-18T13:30:59+01:00
484	2013-09-09T15:26:25+02:00
485	2013-01-08T14:54:11+01:00
485	2013-09-09T15:21:43+02:00
486	2013-09-09T15:26:25+02:00
487	2013-03-07T16:35:21+01:00
487	2013-05-04T14:52:48+02:00
487	2013-03-07T17:30:06+01:00
487	2013-03-07T17:33:30+01:00
487	2013-02-27T20:41:42+01:00
489	2013-03-18T12:02:07+01:00
489	2013-01-13T12:48:57+01:00
489	2013-01-13T13:12:38+01:00
490	2013-01-17T16:09:23+01:00
490	2013-01-13T13:01:42+01:00
490	2013-01-13T16:26:38+01:00
490	2013-01-14T18:10:38+01:00
490	2013-01-16T20:31:29+01:00
492	2013-09-09T15:26:25+02:00
492	2013-01-14T04:10:02+01:00
493	2014-04-28T14:51:17+02:00
493	2013-01-14T04:31:22+01:00
493	2013-01-14T14:53:42+01:00
494	2013-02-14T18:23:20+01:00
495	2013-01-18T14:42:30+01:00
496	2013-01-15T11:40:21+01:00
496	2013-01-17T11:46:50+01:00
496	2013-02-22T01:51:27+01:00
496	2013-08-06T20:30:40+02:00
496	2013-01-15T11:27:13+01:00
496	2013-01-15T11:37:34+01:00
498	2013-01-17T08:47:47+01:00
498	2013-02-22T01:52:26+01:00
498	2013-02-27T12:33:46+01:00
499	2013-02-27T12:34:15+01:00
499	2013-01-17T09:55:55+01:00
499	2013-02-22T01:52:14+01:00
500	2013-01-17T16:40:08+01:00
500	2013-09-09T15:30:37+02:00
502	2013-04-21T00:06:15+02:00
502	2013-01-25T12:42:50+01:00
502	2013-01-28T19:59:18+01:00
502	2013-01-29T02:19:13+01:00
502	2013-01-29T09:10:26+01:00
502	2013-01-29T11:19:13+01:00
504	2013-09-09T15:26:25+02:00
512	2013-04-20T23:44:04+02:00
512	2013-03-24T11:55:25+01:00
512	2013-03-24T15:46:00+01:00
513	2013-02-13T13:48:13+01:00
513	2013-02-13T15:38:32+01:00
513	2013-02-26T14:28:28+01:00
513	2013-02-26T14:31:59+01:00
513	2013-03-16T02:45:18+01:00
513	2013-03-16T02:49:24+01:00
513	2013-03-19T23:34:41+01:00
513	2013-06-03T15:39:06+02:00
515	2013-02-22T01:53:18+01:00
515	2013-02-19T19:42:11+01:00
515	2013-02-19T19:56:35+01:00
515	2013-02-19T20:03:20+01:00
515	2013-02-19T20:13:38+01:00
515	2013-02-20T21:28:39+01:00
516	2013-02-20T17:22:30+01:00
516	2013-02-22T01:52:40+01:00
516	2013-02-22T02:07:58+01:00
516	2013-02-27T12:31:52+01:00
517	2013-03-08T18:36:58+01:00
517	2013-02-22T00:58:15+01:00
517	2013-02-26T14:58:54+01:00
518	2013-09-09T15:26:25+02:00
519	2013-03-14T19:48:04+01:00
519	2013-04-21T00:04:52+02:00
519	2013-03-07T18:47:00+01:00
521	2013-02-27T12:36:13+01:00
522	2013-02-27T12:38:04+01:00
523	2013-05-09T16:43:57+02:00
523	2013-07-23T01:46:22+02:00
523	2013-05-09T17:04:35+02:00
523	2013-03-07T17:30:06+01:00
523	2013-05-15T14:05:43+02:00
523	2013-09-08T20:24:48+02:00
523	2013-03-07T17:33:30+01:00
523	2013-12-13T13:09:09+01:00
523	2013-05-15T14:07:28+02:00
523	2013-03-07T18:09:26+01:00
523	2013-05-16T03:51:51+02:00
523	2013-03-07T19:00:30+01:00
523	2013-07-09T23:39:54+02:00
523	2013-03-14T18:21:44+01:00
523	2013-07-09T23:41:50+02:00
523	2013-05-07T17:13:20+02:00
523	2013-07-09T23:58:40+02:00
523	2013-07-10T09:57:02+02:00
523	2013-05-09T12:24:21+02:00
523	2013-07-11T15:18:45+02:00
524	2013-09-09T15:47:17+02:00
524	2013-03-07T17:30:06+01:00
524	2013-03-07T17:33:30+01:00
525	2013-03-07T17:30:06+01:00
525	2013-03-07T17:33:30+01:00
525	2013-10-09T14:00:51+02:00
526	2013-10-09T14:04:50+02:00
526	2013-03-07T17:30:06+01:00
526	2013-03-07T17:33:30+01:00
527	2013-02-27T20:51:55+01:00
527	2013-02-27T20:54:21+01:00
527	2013-03-07T17:30:06+01:00
527	2013-03-07T17:33:30+01:00
527	2013-07-31T18:14:51+02:00
528	2013-09-09T15:41:09+02:00
528	2013-03-07T17:19:13+01:00
530	2013-03-04T11:44:36+01:00
530	2013-03-07T16:23:20+01:00
531	2013-04-21T00:05:17+02:00
532	2013-09-09T14:59:52+02:00
532	2013-03-04T23:31:37+01:00
532	2013-03-05T00:33:35+01:00
532	2013-03-05T08:52:07+01:00
532	2013-03-05T11:01:52+01:00
532	2013-03-05T12:14:32+01:00
532	2013-03-05T13:21:19+01:00
532	2013-03-06T13:08:47+01:00
534	2013-03-06T00:54:52+01:00
535	2013-09-09T15:47:34+02:00
536	2013-03-08T17:57:47+01:00
536	2013-08-07T02:14:29+02:00
536	2013-03-08T18:09:05+01:00
536	2013-03-11T12:56:48+01:00
537	2013-09-09T15:02:46+02:00
537	2013-03-09T17:57:55+01:00
537	2013-03-13T00:37:55+01:00
538	2013-03-10T03:59:32+01:00
538	2013-03-10T03:59:45+01:00
539	2013-03-12T17:50:17+01:00
539	2013-03-21T14:05:54+01:00
539	2013-03-22T00:26:21+01:00
539	2013-05-03T15:15:53+02:00
539	2013-03-11T17:36:42+01:00
539	2013-03-22T00:29:31+01:00
539	2013-03-11T17:42:34+01:00
539	2013-03-11T18:39:03+01:00
540	2013-03-12T20:23:56+01:00
540	2013-03-13T03:31:07+01:00
540	2013-09-09T15:02:50+02:00
540	2013-09-09T15:02:57+02:00
540	2013-03-12T16:32:30+01:00
540	2013-03-12T16:33:14+01:00
540	2013-03-12T19:40:44+01:00
543	2013-03-14T05:30:50+01:00
543	2013-03-16T10:24:55+01:00
543	2013-03-16T12:58:00+01:00
543	2013-03-18T09:29:26+01:00
543	2013-09-09T15:26:25+02:00
544	2013-04-26T17:36:21+02:00
545	2013-03-14T19:45:52+01:00
545	2013-04-20T23:43:21+02:00
545	2013-03-14T19:48:36+01:00
545	2013-03-14T19:55:12+01:00
545	2013-03-14T19:58:38+01:00
545	2013-03-15T14:48:38+01:00
546	2013-03-15T14:49:20+01:00
546	2013-03-15T15:02:35+01:00
546	2013-04-20T23:43:08+02:00
547	2013-03-18T15:39:01+01:00
548	2013-03-18T13:29:32+01:00
549	2013-03-22T12:51:35+01:00
550	2013-03-20T23:24:15+01:00
550	2013-03-20T17:56:29+01:00
550	2013-03-20T23:13:27+01:00
551	2013-09-09T15:33:46+02:00
551	2014-04-28T14:53:38+02:00
551	2013-03-21T15:48:02+01:00
551	2013-03-21T15:50:01+01:00
551	2013-03-23T19:45:22+01:00
552	2013-11-22T11:29:22+01:00
553	2014-05-09T09:50:35+02:00
555	2014-10-25T11:50:37+02:00
555	2013-03-26T14:36:31+01:00
556	2013-03-23T19:11:31+01:00
556	2013-03-23T19:12:55+01:00
556	2013-03-23T19:40:55+01:00
556	2013-03-23T21:01:12+01:00
556	2013-04-20T23:42:14+02:00
559	2013-03-28T19:18:09+01:00
559	2013-04-18T22:17:15+02:00
559	2013-03-29T11:05:42+01:00
559	2013-03-29T16:22:12+01:00
560	2013-03-29T16:29:16+01:00
560	2013-04-29T12:06:47+02:00
560	2013-04-29T12:06:59+02:00
561	2013-05-08T10:21:00+02:00
562	2013-04-16T14:51:52+02:00
562	2013-04-26T13:51:17+02:00
562	2013-04-26T13:52:53+02:00
562	2013-09-09T15:35:06+02:00
562	2013-04-02T17:40:01+02:00
563	2013-04-18T13:48:59+02:00
563	2013-04-18T13:49:20+02:00
563	2013-04-02T14:56:07+02:00
563	2013-04-02T17:38:18+02:00
564	2013-05-03T09:26:19+02:00
564	2013-03-31T01:13:01+01:00
564	2013-03-31T18:37:11+02:00
564	2013-04-02T17:38:45+02:00
564	2013-04-21T00:09:54+02:00
564	2013-04-24T11:35:54+02:00
564	2013-05-02T19:38:58+02:00
564	2013-05-02T21:37:47+02:00
564	2013-05-02T21:39:08+02:00
565	2013-05-07T17:14:27+02:00
566	2013-04-16T14:52:24+02:00
566	2013-04-03T13:50:31+02:00
567	2013-04-03T14:54:50+02:00
567	2013-04-04T07:19:17+02:00
567	2013-04-04T01:45:53+02:00
567	2013-04-04T06:53:25+02:00
567	2013-04-04T06:53:47+02:00
568	2013-09-09T15:06:59+02:00
568	2013-04-08T16:00:10+02:00
570	2013-04-04T09:17:52+02:00
570	2013-04-04T14:00:22+02:00
570	2013-08-06T20:30:12+02:00
570	2013-04-04T07:32:29+02:00
570	2013-04-04T07:33:23+02:00
570	2013-04-04T07:34:47+02:00
571	2013-04-10T21:30:27+02:00
571	2013-04-06T23:01:57+02:00
571	2013-04-10T21:24:10+02:00
572	2013-04-10T21:07:00+02:00
572	2013-04-10T21:07:28+02:00
573	2013-04-13T09:54:36+02:00
573	2013-04-14T12:49:39+02:00
573	2013-10-09T13:56:58+02:00
573	2013-06-30T21:54:23+02:00
574	2014-05-03T12:03:20+02:00
574	2014-05-18T20:28:35+02:00
574	2014-05-19T11:40:19+02:00
574	2014-05-19T15:20:36+02:00
574	2014-01-28T23:49:02+01:00
574	2014-02-06T00:28:12+01:00
577	2013-04-16T12:29:24+02:00
577	2013-04-16T13:45:58+02:00
577	2013-04-16T14:31:07+02:00
577	2013-09-09T15:39:03+02:00
577	2013-04-16T12:26:41+02:00
578	2013-09-09T15:34:38+02:00
579	2013-04-17T15:41:53+02:00
579	2013-04-17T15:46:49+02:00
579	2013-04-19T09:00:52+02:00
579	2013-04-17T11:48:49+02:00
580	2013-04-22T10:02:42+02:00
580	2013-04-22T12:19:17+02:00
580	2013-09-09T15:50:18+02:00
580	2013-04-17T13:54:59+02:00
580	2013-04-17T15:40:48+02:00
580	2013-04-17T16:00:57+02:00
580	2013-04-20T09:50:10+02:00
580	2013-04-20T10:02:22+02:00
581	2014-05-09T09:51:08+02:00
581	2014-09-05T14:18:10+02:00
581	2014-09-05T17:14:58+02:00
582	2013-10-09T14:03:54+02:00
582	2013-04-19T19:09:41+02:00
582	2013-04-18T22:22:44+02:00
584	2013-04-23T11:28:26+02:00
584	2013-09-14T15:32:35+02:00
584	2013-04-23T11:30:03+02:00
584	2013-04-30T13:09:01+02:00
584	2013-05-01T20:38:58+02:00
584	2013-05-08T11:31:24+02:00
584	2013-05-20T21:35:29+02:00
584	2013-05-20T22:32:20+02:00
584	2013-09-08T20:31:24+02:00
585	2013-04-23T20:33:19+02:00
585	2013-05-10T12:24:26+02:00
587	2013-07-31T18:06:36+02:00
587	2013-07-31T18:03:26+02:00
588	2013-09-08T20:26:14+02:00
588	2013-04-26T16:47:37+02:00
588	2013-04-26T17:38:23+02:00
589	2013-05-09T16:41:29+02:00
589	2013-05-09T16:41:59+02:00
589	2013-09-15T17:31:39+02:00
589	2013-09-09T15:52:39+02:00
590	2013-09-18T14:33:56+02:00
593	2013-05-01T22:23:32+02:00
594	2014-05-09T09:51:44+02:00
594	2014-08-12T15:58:15+02:00
596	2014-04-28T14:51:34+02:00
596	2014-09-05T14:48:07+02:00
597	2013-05-07T17:16:30+02:00
597	2013-05-07T17:17:14+02:00
597	2013-05-15T13:13:44+02:00
597	2013-05-16T02:07:18+02:00
597	2013-05-07T17:11:52+02:00
599	2014-09-29T11:27:00+02:00
599	2013-05-08T08:17:51+02:00
599	2013-08-27T15:53:29+02:00
599	2014-04-28T14:53:10+02:00
600	2013-08-06T20:29:52+02:00
601	2014-04-28T14:51:46+02:00
601	2014-09-05T14:19:44+02:00
602	2014-09-05T14:16:15+02:00
602	2014-04-28T14:52:15+02:00
603	2013-09-09T15:26:25+02:00
604	2013-05-16T01:56:50+02:00
605	2013-09-09T15:06:00+02:00
605	2013-05-21T16:28:40+02:00
605	2013-05-21T16:36:01+02:00
605	2013-05-21T16:37:44+02:00
605	2013-05-21T18:24:09+02:00
605	2013-05-21T18:38:49+02:00
605	2013-05-21T18:40:20+02:00
605	2013-05-21T22:00:39+02:00
605	2013-05-21T22:17:33+02:00
605	2013-05-22T00:00:00+02:00
605	2013-05-27T11:52:55+02:00
608	2013-09-09T15:26:25+02:00
608	2013-06-01T13:32:58+02:00
610	2013-06-01T17:38:13+02:00
610	2013-06-07T10:02:42+02:00
610	2013-06-07T14:02:44+02:00
610	2013-06-07T14:15:31+02:00
611	2013-09-09T15:02:29+02:00
612	2014-04-28T14:45:38+02:00
612	2014-09-05T13:46:58+02:00
613	2014-09-05T13:44:44+02:00
613	2013-06-03T11:43:04+02:00
613	2013-06-03T11:45:37+02:00
613	2014-04-28T14:45:49+02:00
614	2013-09-09T15:04:11+02:00
614	2013-06-04T19:27:51+02:00
614	2013-06-04T19:29:06+02:00
615	2013-09-09T15:26:25+02:00
617	2013-09-09T15:04:11+02:00
617	2013-12-13T13:08:31+01:00
618	2014-04-28T11:29:20+02:00
618	2013-06-10T18:26:32+02:00
618	2013-06-10T18:28:03+02:00
618	2013-09-09T15:51:12+02:00
619	2013-09-09T15:04:11+02:00
620	2013-06-25T13:59:36+02:00
620	2013-06-21T18:56:52+02:00
621	2013-09-09T15:04:11+02:00
622	2013-06-30T21:28:38+02:00
622	2013-07-01T17:55:00+02:00
622	2013-07-01T17:56:43+02:00
622	2013-07-01T17:57:04+02:00
622	2013-07-01T17:59:58+02:00
622	2013-07-11T15:21:57+02:00
622	2013-07-11T15:19:55+02:00
623	2013-09-09T15:26:25+02:00
623	2013-09-09T15:06:27+02:00
624	2013-07-04T16:42:16+02:00
624	2013-07-04T16:53:03+02:00
624	2013-07-04T21:25:16+02:00
624	2013-07-06T14:42:25+02:00
624	2014-04-28T11:33:50+02:00
625	2014-09-05T17:11:03+02:00
625	2014-04-28T14:46:22+02:00
626	2014-04-28T14:52:23+02:00
626	2014-09-05T13:35:36+02:00
627	2013-10-06T14:46:30+02:00
627	2013-07-31T18:07:53+02:00
627	2013-09-18T14:32:17+02:00
628	2013-07-17T10:12:34+02:00
628	2013-07-18T12:52:54+02:00
628	2013-07-18T13:07:48+02:00
628	2013-07-18T14:24:39+02:00
628	2013-07-25T11:06:46+02:00
628	2013-07-25T11:59:24+02:00
628	2013-08-06T12:14:42+02:00
629	2013-08-20T12:53:03+02:00
629	2013-07-31T18:07:28+02:00
629	2013-07-30T14:13:36+02:00
630	2013-09-09T15:04:11+02:00
631	2013-09-23T11:10:24+02:00
631	2013-09-23T15:04:30+02:00
631	2013-09-23T12:24:05+02:00
631	2013-09-23T12:45:19+02:00
631	2013-07-31T17:30:18+02:00
631	2013-07-31T17:51:24+02:00
631	2013-07-31T18:07:28+02:00
632	2013-08-07T04:27:59+02:00
632	2013-08-07T04:59:10+02:00
632	2013-08-07T05:27:10+02:00
632	2014-01-16T10:48:27+01:00
632	2013-08-07T12:30:57+02:00
632	2013-09-02T09:53:26+02:00
632	2013-09-09T15:47:51+02:00
632	2013-08-07T02:43:33+02:00
632	2013-08-07T03:51:30+02:00
633	2014-09-05T15:14:05+02:00
633	2014-09-06T17:35:56+02:00
633	2014-09-30T11:39:10+02:00
633	2014-04-28T14:52:53+02:00
634	2013-08-20T12:47:42+02:00
634	2013-08-17T21:34:37+02:00
634	2013-08-19T11:20:26+02:00
634	2013-08-19T11:29:55+02:00
634	2013-08-19T11:39:49+02:00
635	2013-08-19T03:01:32+02:00
635	2013-08-19T03:02:38+02:00
636	2013-08-19T11:53:34+02:00
636	2013-08-19T12:18:00+02:00
636	2013-09-09T15:48:47+02:00
636	2013-10-03T18:33:29+02:00
636	2013-08-17T21:42:19+02:00
637	2013-10-10T00:43:26+02:00
637	2013-10-10T00:50:37+02:00
637	2013-10-10T01:00:24+02:00
637	2013-10-06T18:54:25+02:00
637	2013-10-06T19:02:04+02:00
637	2013-10-09T13:52:25+02:00
637	2013-10-09T22:39:26+02:00
638	2013-08-28T13:42:45+02:00
638	2013-08-28T13:44:18+02:00
639	2013-09-05T14:23:58+02:00
639	2013-08-27T16:37:34+02:00
639	2013-08-29T16:27:37+02:00
640	2013-08-27T16:29:54+02:00
640	2013-08-27T16:53:34+02:00
640	2013-08-27T20:30:02+02:00
640	2013-08-27T22:38:54+02:00
640	2013-08-27T23:02:45+02:00
640	2013-08-27T23:07:21+02:00
640	2013-09-09T15:04:11+02:00
641	2013-08-28T11:40:19+02:00
641	2013-08-28T15:12:08+02:00
641	2013-08-28T15:18:29+02:00
641	2013-08-28T15:34:25+02:00
641	2013-08-29T14:52:51+02:00
641	2013-08-29T14:58:25+02:00
641	2013-08-29T16:26:09+02:00
641	2013-10-03T17:54:31+02:00
642	2013-08-30T10:01:13+02:00
642	2013-09-02T12:34:59+02:00
642	2013-09-02T12:36:24+02:00
642	2013-09-07T18:53:48+02:00
642	2013-09-07T19:20:39+02:00
642	2013-09-08T20:16:26+02:00
643	2013-09-23T15:48:24+02:00
643	2013-09-23T16:47:59+02:00
644	2014-04-28T12:13:04+02:00
645	2013-09-01T19:23:49+02:00
645	2013-10-11T07:02:06+02:00
646	2013-09-07T18:51:05+02:00
646	2013-09-09T23:43:21+02:00
646	2013-09-08T20:20:06+02:00
646	2013-09-02T12:10:33+02:00
646	2013-09-09T12:47:17+02:00
646	2013-09-09T17:41:25+02:00
646	2013-09-05T00:04:31+02:00
646	2013-09-09T23:43:11+02:00
650	2013-09-09T15:08:44+02:00
650	2013-10-06T13:46:35+02:00
650	2013-09-18T13:43:26+02:00
651	2014-04-29T12:23:50+02:00
653	2013-09-14T17:36:42+02:00
653	2013-10-09T22:43:43+02:00
653	2013-10-10T00:34:58+02:00
654	2013-10-10T17:16:45+02:00
654	2014-04-28T19:00:16+02:00
654	2014-05-16T22:21:38+02:00
654	2014-05-16T23:38:45+02:00
654	2014-05-16T23:46:57+02:00
654	2014-09-04T13:36:32+02:00
654	2013-09-14T17:22:20+02:00
655	2013-10-06T18:42:13+02:00
655	2013-10-10T17:20:19+02:00
655	2013-09-22T16:39:46+02:00
657	2013-09-14T17:54:28+02:00
657	2013-10-10T17:14:55+02:00
660	2013-09-15T16:54:18+02:00
660	2013-09-17T17:57:13+02:00
660	2013-09-17T20:09:05+02:00
661	2013-10-10T02:29:06+02:00
661	2013-09-15T20:52:27+02:00
661	2013-10-06T14:48:41+02:00
661	2013-10-10T01:40:42+02:00
664	2014-04-28T14:54:51+02:00
664	2014-05-03T11:38:18+02:00
665	2013-10-10T17:13:12+02:00
665	2013-09-17T16:00:28+02:00
666	2013-09-17T16:08:32+02:00
666	2013-09-17T20:06:31+02:00
666	2013-09-18T13:42:11+02:00
666	2013-09-17T20:07:27+02:00
666	2013-09-17T16:04:53+02:00
667	2013-09-22T15:54:03+02:00
668	2013-10-10T17:12:32+02:00
668	2014-04-28T19:00:16+02:00
668	2014-05-16T22:28:42+02:00
668	2014-05-16T23:08:29+02:00
669	2014-05-16T22:41:52+02:00
669	2013-10-10T17:12:09+02:00
669	2014-04-28T19:00:16+02:00
670	2013-09-24T10:49:24+02:00
670	2013-09-25T12:34:30+02:00
670	2013-09-25T12:36:03+02:00
671	2013-09-26T12:42:55+02:00
671	2013-09-26T12:13:55+02:00
672	2014-03-28T02:15:47+01:00
673	2013-09-26T13:42:55+02:00
673	2013-10-09T13:51:40+02:00
673	2013-10-06T14:22:39+02:00
673	2013-10-06T14:36:50+02:00
673	2013-10-06T14:40:43+02:00
673	2013-10-06T14:41:53+02:00
673	2013-10-06T17:33:57+02:00
673	2013-10-06T17:44:43+02:00
673	2013-10-06T17:50:55+02:00
673	2013-10-06T17:53:12+02:00
673	2013-10-06T17:53:51+02:00
673	2013-10-06T18:06:29+02:00
673	2013-10-06T18:12:36+02:00
674	2013-10-06T14:18:13+02:00
674	2013-09-25T23:42:06+02:00
674	2013-10-06T14:21:05+02:00
674	2013-10-06T13:52:08+02:00
674	2013-10-06T13:58:10+02:00
674	2013-10-06T14:01:51+02:00
674	2013-10-06T14:09:51+02:00
674	2013-10-06T14:13:20+02:00
674	2013-10-06T14:16:14+02:00
675	2013-09-26T13:41:20+02:00
675	2014-04-28T11:28:10+02:00
676	2013-10-11T07:32:38+02:00
676	2013-10-01T16:32:51+02:00
676	2013-10-01T23:14:34+02:00
676	2013-10-01T23:15:18+02:00
677	2014-04-28T11:30:23+02:00
677	2013-10-01T23:13:52+02:00
677	2013-10-04T16:32:40+02:00
677	2013-10-04T19:34:18+02:00
677	2013-10-08T15:31:59+02:00
677	2013-10-08T20:39:57+02:00
680	2013-10-03T19:03:08+02:00
680	2013-10-03T18:33:12+02:00
680	2013-10-03T18:58:37+02:00
681	2014-05-04T13:00:33+02:00
681	2014-05-04T23:24:12+02:00
681	2014-05-04T22:49:42+02:00
682	2013-10-11T13:49:04+02:00
682	2013-10-10T03:11:15+02:00
683	2014-04-28T19:00:16+02:00
683	2014-05-16T22:59:36+02:00
683	2013-10-06T18:29:20+02:00
683	2013-10-09T23:50:44+02:00
684	2014-04-28T19:00:16+02:00
684	2014-10-15T13:23:38+02:00
685	2014-05-16T23:02:49+02:00
685	2014-04-28T19:00:16+02:00
686	2013-10-10T17:17:34+02:00
686	2014-04-28T19:00:16+02:00
686	2014-05-16T23:05:02+02:00
686	2014-05-16T23:08:43+02:00
687	2013-10-10T02:41:21+02:00
687	2013-10-10T02:59:52+02:00
687	2013-10-10T03:01:31+02:00
687	2013-10-06T19:34:16+02:00
687	2013-10-07T21:51:13+02:00
687	2013-10-09T13:54:10+02:00
688	2013-10-14T23:39:32+02:00
688	2013-10-15T12:06:08+02:00
689	2013-10-10T17:07:59+02:00
689	2013-10-10T21:23:28+02:00
690	2013-10-10T17:11:39+02:00
690	2014-04-28T19:00:16+02:00
690	2014-10-01T15:58:09+02:00
691	2014-10-01T16:04:43+02:00
691	2014-04-28T19:00:16+02:00
691	2014-05-16T23:11:33+02:00
692	2013-10-10T12:00:03+02:00
692	2013-10-10T14:59:21+02:00
693	2014-04-28T19:00:16+02:00
693	2014-05-16T23:08:58+02:00
694	2014-05-16T23:10:51+02:00
694	2014-04-28T19:00:16+02:00
694	2014-05-16T23:10:39+02:00
696	2013-10-14T17:16:06+02:00
696	2013-10-14T17:28:23+02:00
696	2014-02-14T10:38:21+01:00
696	2013-10-11T07:05:08+02:00
698	2014-04-28T18:52:25+02:00
699	2014-05-16T18:56:45+02:00
699	2014-04-28T18:53:05+02:00
700	2013-10-21T00:28:04+02:00
700	2013-10-21T09:46:10+02:00
700	2014-04-25T16:53:04+02:00
700	2014-05-19T11:46:54+02:00
700	2014-04-25T16:53:34+02:00
700	2014-04-28T18:53:29+02:00
700	2014-05-16T23:19:31+02:00
701	2013-10-21T00:24:19+02:00
701	2013-10-11T14:54:57+02:00
702	2014-04-28T18:56:33+02:00
702	2014-05-16T23:23:54+02:00
702	2013-10-12T14:38:36+02:00
702	2013-10-21T00:13:11+02:00
702	2013-10-21T09:39:30+02:00
702	2013-10-22T00:41:22+02:00
702	2013-10-22T12:16:36+02:00
702	2014-04-28T18:56:04+02:00
703	2013-10-12T15:38:12+02:00
703	2013-10-12T17:48:19+02:00
703	2014-02-14T10:37:40+01:00
704	2013-10-20T23:50:46+02:00
705	2014-04-28T11:23:22+02:00
708	2013-10-21T10:12:38+02:00
708	2013-10-14T17:31:34+02:00
708	2013-10-21T00:01:32+02:00
708	2013-10-21T09:41:55+02:00
709	2013-10-23T11:39:26+02:00
709	2013-10-27T22:17:22+01:00
709	2014-04-28T18:58:06+02:00
709	2014-04-28T18:58:15+02:00
710	2013-10-16T09:34:26+02:00
710	2013-10-17T11:30:40+02:00
710	2013-10-15T19:16:35+02:00
712	2013-10-27T21:57:02+01:00
712	2013-10-21T12:45:03+02:00
712	2013-10-21T14:53:23+02:00
712	2013-10-23T11:37:33+02:00
713	2014-04-28T18:59:07+02:00
713	2014-09-04T13:35:53+02:00
713	2014-05-16T23:19:16+02:00
714	2014-10-16T18:49:41+02:00
714	2014-10-23T22:10:15+02:00
714	2014-10-16T19:19:59+02:00
714	2014-10-20T16:24:09+02:00
714	2014-04-28T14:58:45+02:00
715	2014-04-28T11:41:17+02:00
715	2014-10-06T18:31:39+02:00
715	2013-10-23T12:07:27+02:00
715	2014-04-28T11:22:28+02:00
716	2013-10-22T20:02:22+02:00
716	2013-10-22T15:43:59+02:00
716	2013-10-22T17:32:40+02:00
717	2014-08-28T11:48:05+02:00
718	2014-10-06T18:26:05+02:00
719	2013-10-30T14:45:05+01:00
719	2013-10-29T17:27:49+01:00
720	2014-04-25T16:55:41+02:00
721	2014-04-28T11:21:22+02:00
722	2013-10-22T20:03:53+02:00
723	2014-05-17T00:14:41+02:00
724	2013-11-02T17:11:11+01:00
724	2013-11-02T17:16:46+01:00
724	2013-11-02T17:28:46+01:00
724	2013-11-02T19:03:05+01:00
724	2014-04-28T11:19:46+02:00
724	2013-11-02T16:53:51+01:00
726	2013-10-28T23:49:34+01:00
726	2013-10-27T22:31:53+01:00
727	2014-08-28T11:48:31+02:00
728	2014-04-28T11:15:43+02:00
729	2014-04-28T11:33:13+02:00
730	2013-11-20T11:04:52+01:00
731	2013-11-05T16:56:51+01:00
731	2013-11-01T16:07:34+01:00
731	2013-11-01T16:08:43+01:00
731	2013-11-01T17:05:30+01:00
731	2013-11-02T10:36:06+01:00
731	2013-11-02T11:14:12+01:00
731	2013-11-02T14:29:27+01:00
731	2013-11-02T14:55:26+01:00
732	2014-09-04T13:31:18+02:00
732	2014-04-28T18:50:22+02:00
733	2013-11-18T11:40:47+01:00
733	2014-05-17T00:13:31+02:00
734	2014-04-28T18:49:03+02:00
734	2014-05-16T19:14:29+02:00
737	2014-08-28T11:47:28+02:00
738	2014-04-28T18:48:04+02:00
740	2014-02-10T16:05:13+01:00
740	2013-12-04T15:31:44+01:00
740	2014-05-03T11:40:06+02:00
740	2013-12-06T11:42:10+01:00
740	2014-02-10T15:38:22+01:00
740	2014-02-10T15:42:44+01:00
740	2014-02-10T15:57:02+01:00
742	2013-12-07T19:28:36+01:00
742	2014-01-07T11:35:36+01:00
742	2013-12-07T19:44:26+01:00
742	2013-12-10T13:16:39+01:00
742	2013-12-10T15:04:55+01:00
742	2013-12-07T19:16:37+01:00
743	2014-04-25T17:03:45+02:00
743	2013-12-10T17:47:34+01:00
744	2013-12-09T18:21:49+01:00
745	2014-04-25T16:52:46+02:00
746	2014-04-25T17:00:54+02:00
746	2013-12-12T10:07:06+01:00
746	2013-12-12T11:51:17+01:00
746	2013-12-12T11:53:38+01:00
747	2013-12-21T17:51:55+01:00
747	2014-04-25T16:52:21+02:00
748	2014-06-16T10:36:33+02:00
748	2014-09-04T11:50:23+02:00
748	2014-04-25T16:50:10+02:00
748	2014-06-16T10:36:23+02:00
749	2014-04-25T16:50:29+02:00
749	2014-04-28T11:35:49+02:00
750	2014-04-28T12:14:02+02:00
751	2014-01-07T12:23:35+01:00
751	2014-01-07T17:06:48+01:00
751	2014-01-07T17:15:25+01:00
751	2014-04-28T19:15:35+02:00
751	2014-01-07T12:14:04+01:00
752	2014-04-25T16:56:22+02:00
752	2013-12-17T18:51:47+01:00
753	2013-12-23T15:55:42+01:00
754	2014-04-29T12:27:04+02:00
754	2014-04-29T15:16:22+02:00
755	2014-04-28T11:36:22+02:00
756	2014-01-07T17:05:44+01:00
757	2014-01-07T16:58:09+01:00
757	2014-01-07T16:58:46+01:00
757	2014-01-07T17:01:57+01:00
757	2014-01-07T17:03:38+01:00
757	2014-01-07T17:04:16+01:00
757	2014-01-07T17:04:54+01:00
757	2014-01-07T17:07:33+01:00
759	2014-01-16T10:24:06+01:00
760	2014-09-05T17:12:10+02:00
760	2014-05-16T23:55:57+02:00
760	2014-05-22T22:07:51+02:00
760	2014-05-22T23:38:35+02:00
760	2014-05-23T01:38:30+02:00
760	2014-05-23T08:33:03+02:00
760	2014-09-05T14:46:31+02:00
761	2014-01-29T18:52:31+01:00
761	2014-01-29T18:53:06+01:00
761	2014-01-16T10:25:18+01:00
764	2014-02-26T14:40:59+01:00
765	2014-01-29T18:56:22+01:00
765	2014-05-05T16:49:25+02:00
768	2014-02-04T18:49:41+01:00
768	2014-02-05T23:32:43+01:00
768	2014-02-10T15:40:29+01:00
769	2014-02-05T11:43:29+01:00
769	2014-04-28T12:14:31+02:00
770	2014-08-13T20:59:04+02:00
770	2014-08-13T21:06:44+02:00
770	2014-08-13T21:22:59+02:00
770	2014-08-13T21:23:25+02:00
770	2014-08-17T12:30:39+02:00
770	2014-02-26T14:39:30+01:00
771	2014-02-06T20:55:43+01:00
771	2014-02-06T20:59:01+01:00
771	2014-04-25T17:01:56+02:00
772	2014-02-07T11:36:58+01:00
772	2014-02-07T11:37:54+01:00
772	2014-02-07T17:53:25+01:00
772	2014-02-08T16:54:21+01:00
772	2014-02-14T12:07:56+01:00
772	2014-04-28T12:15:20+02:00
773	2014-02-16T22:43:45+01:00
773	2014-04-28T11:20:31+02:00
774	2014-04-29T08:59:39+02:00
774	2014-08-13T20:45:11+02:00
774	2014-05-29T11:13:15+02:00
774	2014-05-29T12:30:00+02:00
774	2014-02-16T22:37:30+01:00
774	2014-04-26T12:28:52+02:00
774	2014-04-26T13:05:40+02:00
774	2014-04-27T13:58:21+02:00
774	2014-04-28T11:31:08+02:00
774	2014-04-28T12:44:56+02:00
774	2014-04-29T08:17:46+02:00
775	2014-08-28T11:47:07+02:00
776	2014-04-25T16:56:34+02:00
777	2014-02-14T10:16:41+01:00
777	2014-02-14T11:13:45+01:00
777	2014-02-14T11:21:48+01:00
778	2014-08-28T11:46:32+02:00
778	2014-02-16T22:48:53+01:00
778	2014-02-17T17:23:22+01:00
779	2014-02-18T22:34:57+01:00
779	2014-02-26T10:10:33+01:00
779	2014-02-20T15:49:16+01:00
779	2014-02-20T15:51:35+01:00
779	2014-02-20T16:05:41+01:00
779	2014-02-20T16:12:13+01:00
779	2014-02-20T16:35:47+01:00
779	2014-02-20T16:49:56+01:00
779	2014-02-21T12:54:12+01:00
779	2014-02-24T17:33:20+01:00
779	2014-02-24T18:37:57+01:00
779	2014-02-24T19:11:58+01:00
779	2014-02-18T18:26:57+01:00
780	2014-04-28T18:46:48+02:00
782	2014-05-04T22:57:20+02:00
782	2014-09-01T21:59:26+02:00
782	2014-05-04T23:25:38+02:00
782	2014-09-02T14:58:26+02:00
782	2014-08-27T03:32:14+02:00
782	2014-08-27T10:34:50+02:00
782	2014-08-27T10:46:04+02:00
782	2014-02-27T00:14:51+01:00
782	2014-09-02T15:48:34+02:00
782	2014-02-27T00:28:01+01:00
782	2014-02-27T11:26:04+01:00
782	2014-08-27T12:47:20+02:00
782	2014-02-27T16:50:46+01:00
782	2014-02-27T17:02:56+01:00
782	2014-08-27T22:58:09+02:00
782	2014-04-25T17:02:57+02:00
782	2014-08-28T15:28:22+02:00
782	2014-08-28T15:28:57+02:00
782	2014-08-31T16:39:30+02:00
783	2014-02-26T23:54:12+01:00
784	2014-08-28T11:46:08+02:00
785	2014-02-28T16:51:19+01:00
786	2014-03-28T02:09:34+01:00
786	2014-03-28T01:43:41+01:00
786	2014-03-28T01:49:39+01:00
788	2014-03-08T23:42:59+01:00
788	2014-08-13T21:14:31+02:00
789	2014-04-25T16:56:42+02:00
789	2014-04-27T15:41:25+02:00
790	2014-04-25T16:50:44+02:00
790	2014-05-17T00:10:19+02:00
791	2014-05-19T11:51:03+02:00
791	2014-09-22T13:01:42+02:00
791	2014-04-25T16:51:00+02:00
791	2014-05-17T00:09:33+02:00
793	2014-03-18T17:09:27+01:00
793	2014-08-31T18:01:50+02:00
793	2014-04-25T16:59:55+02:00
793	2014-08-12T14:26:41+02:00
794	2014-03-18T17:24:49+01:00
794	2014-04-28T11:40:27+02:00
794	2014-03-18T10:18:13+01:00
795	2014-05-17T00:06:48+02:00
795	2014-09-04T13:18:02+02:00
795	2014-05-19T11:41:30+02:00
795	2014-05-19T11:41:53+02:00
795	2014-08-31T22:03:39+02:00
795	2014-03-18T17:12:53+01:00
795	2014-08-31T22:10:23+02:00
795	2014-09-04T10:59:32+02:00
797	2014-03-31T18:26:14+02:00
798	2014-03-28T13:51:42+01:00
798	2014-04-25T15:18:55+02:00
799	2014-03-28T01:14:42+01:00
801	2014-04-03T14:02:48+02:00
801	2014-04-27T15:39:48+02:00
801	2014-04-03T14:04:44+02:00
801	2014-04-25T15:12:24+02:00
801	2014-04-27T20:17:33+02:00
801	2014-04-25T22:00:02+02:00
801	2014-04-25T22:04:01+02:00
801	2014-04-25T22:22:48+02:00
801	2014-04-26T12:25:22+02:00
801	2014-04-27T22:32:06+02:00
801	2014-04-03T11:11:03+02:00
801	2014-04-26T12:26:18+02:00
801	2014-06-02T16:45:48+02:00
801	2014-04-26T21:15:41+02:00
801	2014-04-27T15:28:36+02:00
802	2014-04-25T21:17:42+02:00
802	2014-04-25T21:21:37+02:00
802	2014-04-03T11:15:47+02:00
802	2014-04-25T17:00:27+02:00
803	2014-08-31T19:02:14+02:00
803	2014-04-28T18:45:57+02:00
803	2014-08-31T19:02:09+02:00
807	2014-04-22T16:35:38+02:00
807	2014-04-25T15:19:35+02:00
807	2014-04-13T15:49:11+02:00
807	2014-04-13T15:51:26+02:00
807	2014-04-22T09:17:39+02:00
807	2014-04-22T09:18:20+02:00
807	2014-04-22T09:21:45+02:00
807	2014-04-22T09:21:55+02:00
809	2014-08-28T11:45:14+02:00
809	2014-04-22T19:23:47+02:00
810	2014-05-17T00:01:47+02:00
810	2014-08-31T18:41:25+02:00
810	2014-09-01T12:45:53+02:00
810	2014-08-31T22:18:24+02:00
811	2014-10-06T18:32:16+02:00
813	2014-04-25T15:28:32+02:00
813	2014-09-05T14:31:41+02:00
813	2014-04-25T15:41:21+02:00
813	2014-04-25T15:42:31+02:00
813	2014-04-25T15:44:44+02:00
813	2014-04-25T20:39:28+02:00
813	2014-04-28T12:07:24+02:00
813	2014-04-28T12:17:16+02:00
813	2014-04-28T14:46:56+02:00
816	2014-10-06T18:29:25+02:00
817	2014-04-28T11:50:10+02:00
818	2014-04-28T21:37:32+02:00
819	2014-04-29T10:20:34+02:00
819	2014-05-12T17:27:31+02:00
819	2014-04-29T12:09:00+02:00
820	2014-05-02T14:21:59+02:00
821	2014-05-02T15:38:39+02:00
821	2014-08-31T22:30:41+02:00
822	2014-05-04T13:11:10+02:00
822	2014-05-04T23:29:39+02:00
822	2014-06-13T14:27:18+02:00
823	2014-05-16T19:16:13+02:00
823	2014-05-23T14:17:09+02:00
823	2014-05-23T15:21:12+02:00
823	2014-05-23T15:28:18+02:00
823	2014-05-23T15:32:59+02:00
823	2014-05-23T15:40:11+02:00
823	2014-05-23T17:09:58+02:00
823	2014-05-23T18:07:32+02:00
823	2014-09-05T14:28:25+02:00
823	2014-05-04T11:39:42+02:00
823	2014-05-05T20:05:39+02:00
823	2014-05-07T14:39:09+02:00
823	2014-05-07T15:19:18+02:00
824	2014-05-09T15:50:23+02:00
824	2014-05-09T15:52:01+02:00
824	2014-05-12T17:05:15+02:00
824	2014-09-05T14:14:50+02:00
824	2014-05-09T15:39:03+02:00
825	2014-09-05T14:42:06+02:00
825	2014-05-05T16:55:56+02:00
826	2014-05-09T14:31:20+02:00
826	2014-05-05T16:48:24+02:00
827	2014-09-06T13:01:28+02:00
827	2014-09-15T23:31:55+02:00
827	2014-09-06T13:43:00+02:00
827	2014-09-16T10:31:53+02:00
827	2014-09-06T17:34:24+02:00
827	2014-09-22T09:58:59+02:00
827	2014-09-06T17:44:04+02:00
827	2014-09-06T17:49:23+02:00
827	2014-09-06T22:53:01+02:00
827	2014-09-06T23:02:53+02:00
827	2014-09-12T15:09:37+02:00
827	2014-05-05T16:50:31+02:00
827	2014-09-12T15:16:07+02:00
827	2014-09-05T14:40:36+02:00
827	2014-09-12T15:28:20+02:00
827	2014-09-13T16:39:48+02:00
827	2014-09-14T09:14:56+02:00
827	2014-09-05T22:14:06+02:00
827	2014-09-14T15:21:24+02:00
827	2014-09-06T10:13:58+02:00
827	2014-09-15T01:55:18+02:00
827	2014-09-15T22:45:19+02:00
828	2014-09-05T14:35:33+02:00
828	2014-05-05T16:53:35+02:00
829	2014-05-07T10:16:11+02:00
829	2014-05-07T10:14:33+02:00
830	2014-05-07T10:12:22+02:00
830	2014-05-07T10:12:29+02:00
831	2014-09-05T14:13:38+02:00
831	2014-06-13T14:31:43+02:00
832	2014-05-07T14:36:20+02:00
833	2014-05-07T14:50:24+02:00
834	2014-09-05T14:13:06+02:00
835	2014-05-22T12:24:47+02:00
835	2014-08-13T20:41:46+02:00
836	2014-09-05T14:32:50+02:00
836	2014-09-05T17:07:54+02:00
837	2014-05-24T13:57:39+02:00
838	2014-09-05T14:11:12+02:00
839	2014-05-09T15:10:55+02:00
845	2014-05-16T19:10:11+02:00
845	2014-06-13T14:27:18+02:00
845	2014-05-22T15:02:04+02:00
845	2014-05-22T15:19:06+02:00
845	2014-05-12T17:06:11+02:00
845	2014-05-16T19:09:57+02:00
847	2014-05-16T18:26:09+02:00
849	2014-06-16T10:36:05+02:00
849	2014-10-15T12:34:40+02:00
849	2014-05-19T11:48:21+02:00
850	2014-06-04T02:29:13+02:00
850	2014-05-19T11:14:18+02:00
853	2014-06-01T15:50:57+02:00
853	2014-05-23T20:00:55+02:00
853	2014-05-30T20:27:30+02:00
853	2014-05-31T12:26:19+02:00
854	2014-05-23T20:27:43+02:00
855	2014-06-13T14:27:18+02:00
858	2014-10-06T18:26:33+02:00
860	2014-05-27T15:32:31+02:00
861	2014-10-06T18:27:52+02:00
863	2014-10-06T18:27:20+02:00
863	2014-06-01T07:20:39+02:00
865	2014-06-02T17:07:06+02:00
865	2014-06-02T17:39:51+02:00
865	2014-06-03T19:40:39+02:00
865	2014-06-06T16:18:48+02:00
866	2014-06-02T17:59:44+02:00
866	2014-08-22T16:14:53+02:00
866	2014-06-02T17:32:12+02:00
866	2014-06-02T17:33:41+02:00
867	2014-10-16T19:17:04+02:00
867	2014-06-02T17:29:18+02:00
867	2014-06-03T10:08:44+02:00
867	2014-06-03T10:22:40+02:00
867	2014-06-03T10:26:20+02:00
868	2014-06-03T09:41:58+02:00
868	2014-06-02T17:40:26+02:00
868	2014-06-02T17:43:14+02:00
869	2014-09-05T17:13:48+02:00
869	2014-06-03T19:52:18+02:00
869	2014-06-03T19:57:06+02:00
869	2014-06-04T09:46:40+02:00
869	2014-09-05T14:25:14+02:00
870	2014-06-03T17:04:23+02:00
870	2014-10-06T18:27:27+02:00
870	2014-06-03T17:12:10+02:00
870	2014-06-03T17:22:29+02:00
872	2014-06-03T16:08:07+02:00
873	2014-06-04T09:40:41+02:00
873	2014-06-04T09:42:14+02:00
873	2014-10-06T18:28:06+02:00
874	2014-06-06T13:56:23+02:00
875	2014-09-25T13:55:05+02:00
876	2014-06-06T16:23:17+02:00
876	2014-06-06T16:29:27+02:00
876	2014-06-06T16:33:50+02:00
876	2014-06-10T18:02:41+02:00
876	2014-06-06T18:32:24+02:00
877	2014-06-06T23:02:03+02:00
877	2014-06-10T18:01:39+02:00
877	2014-06-06T20:03:16+02:00
877	2014-06-06T22:57:36+02:00
879	2014-06-07T09:18:33+02:00
879	2014-06-07T09:21:52+02:00
879	2014-06-07T09:23:09+02:00
879	2014-06-07T09:24:31+02:00
879	2014-06-09T23:21:40+02:00
879	2014-09-05T14:08:10+02:00
881	2014-09-05T14:06:34+02:00
881	2014-09-05T14:07:00+02:00
881	2014-09-05T22:09:01+02:00
881	2014-09-08T11:32:03+02:00
881	2014-09-08T11:58:09+02:00
881	2014-06-10T11:16:43+02:00
882	2014-06-24T23:32:48+02:00
882	2014-06-25T17:08:13+02:00
882	2014-06-25T19:13:30+02:00
882	2014-06-25T20:40:57+02:00
882	2014-06-26T09:49:20+02:00
882	2014-06-23T10:36:50+02:00
882	2014-06-24T23:20:33+02:00
882	2014-06-24T23:21:02+02:00
883	2014-06-10T17:25:05+02:00
883	2014-06-10T18:09:55+02:00
883	2014-09-05T13:56:40+02:00
883	2014-09-05T17:31:43+02:00
884	2014-06-10T18:18:01+02:00
884	2014-06-10T19:20:36+02:00
884	2014-06-10T19:26:16+02:00
884	2014-06-10T19:29:20+02:00
884	2014-06-10T19:47:30+02:00
884	2014-06-10T18:06:33+02:00
885	2014-06-12T12:26:50+02:00
885	2014-09-22T12:51:48+02:00
888	2014-06-19T18:47:05+02:00
888	2014-10-06T18:22:34+02:00
888	2014-06-22T22:37:15+02:00
889	2014-06-13T18:10:52+02:00
889	2014-06-13T17:39:01+02:00
889	2014-06-13T18:03:47+02:00
891	2014-09-22T12:53:30+02:00
891	2014-09-22T12:56:19+02:00
899	2014-08-13T20:41:12+02:00
899	2014-06-26T20:01:14+02:00
899	2014-06-26T20:22:09+02:00
899	2014-06-29T11:33:07+02:00
900	2014-10-06T18:22:52+02:00
901	2014-07-21T01:08:56+02:00
901	2014-10-06T13:48:32+02:00
901	2014-06-29T11:31:05+02:00
901	2014-06-29T15:19:44+02:00
901	2014-06-29T15:29:37+02:00
901	2014-07-02T00:02:06+02:00
901	2014-07-02T12:21:02+02:00
901	2014-07-02T17:14:48+02:00
904	2014-07-18T16:38:11+02:00
904	2014-07-18T16:38:25+02:00
905	2014-07-11T10:39:54+02:00
905	2014-07-10T12:11:40+02:00
906	2014-10-06T18:27:32+02:00
908	2014-09-05T13:54:29+02:00
909	2014-10-06T18:27:37+02:00
910	2014-09-05T13:53:22+02:00
911	2014-09-05T14:55:16+02:00
911	2014-08-12T15:00:17+02:00
912	2014-09-05T13:49:01+02:00
913	2014-09-25T13:54:16+02:00
913	2014-07-21T17:33:22+02:00
914	2014-09-25T13:48:11+02:00
915	2014-10-06T18:27:45+02:00
917	2014-08-06T01:08:43+02:00
917	2014-08-06T09:09:37+02:00
917	2014-08-11T11:21:46+02:00
917	2014-08-06T10:01:15+02:00
917	2014-08-06T10:07:15+02:00
917	2014-08-06T10:08:17+02:00
917	2014-08-06T11:20:08+02:00
917	2014-08-06T12:56:36+02:00
917	2014-08-06T13:30:43+02:00
918	2014-08-11T11:28:25+02:00
918	2014-08-11T12:27:32+02:00
918	2014-08-11T14:36:05+02:00
918	2014-08-11T14:36:51+02:00
918	2014-08-27T03:19:51+02:00
918	2014-08-27T10:48:28+02:00
918	2014-08-27T10:47:39+02:00
918	2014-08-06T13:05:15+02:00
919	2014-08-20T17:48:29+02:00
920	2014-10-25T11:55:34+02:00
920	2014-09-05T13:49:34+02:00
920	2014-09-22T10:01:33+02:00
920	2014-09-22T10:01:54+02:00
922	2014-08-21T21:55:51+02:00
922	2014-08-22T15:59:38+02:00
922	2014-08-22T23:04:52+02:00
922	2014-08-22T23:23:57+02:00
922	2014-08-28T11:26:46+02:00
923	2014-08-21T14:29:30+02:00
925	2014-09-25T13:48:44+02:00
926	2014-09-25T13:49:33+02:00
927	2014-08-27T03:16:49+02:00
927	2014-09-02T22:00:06+02:00
927	2014-08-27T10:16:33+02:00
927	2014-09-02T15:50:24+02:00
928	2014-08-26T21:27:09+02:00
929	2014-08-27T12:31:57+02:00
929	2014-08-27T12:50:36+02:00
929	2014-08-28T11:30:38+02:00
929	2014-08-28T11:31:04+02:00
929	2014-08-28T11:34:13+02:00
929	2014-08-28T11:42:51+02:00
929	2014-10-06T16:34:58+02:00
929	2014-10-06T17:58:51+02:00
930	2014-09-05T14:51:26+02:00
930	2014-09-05T14:50:28+02:00
931	2014-09-28T18:59:02+02:00
931	2014-09-28T19:02:34+02:00
931	2014-08-28T16:10:29+02:00
931	2014-08-31T16:35:07+02:00
931	2014-09-25T13:43:59+02:00
931	2014-09-25T13:59:52+02:00
931	2014-09-25T18:28:50+02:00
931	2014-09-25T22:50:34+02:00
931	2014-09-27T17:35:47+02:00
931	2014-09-28T18:34:32+02:00
933	2014-09-04T13:33:20+02:00
933	2014-09-04T13:34:10+02:00
934	2014-09-25T13:19:30+02:00
935	2014-09-05T22:03:30+02:00
935	2014-09-06T01:46:25+02:00
935	2014-09-06T12:54:41+02:00
935	2014-09-06T22:11:09+02:00
935	2014-09-06T17:30:23+02:00
936	2014-09-07T20:02:40+02:00
936	2014-09-06T15:27:41+02:00
936	2014-09-06T15:28:21+02:00
937	2014-09-05T17:16:08+02:00
937	2014-09-06T14:41:43+02:00
937	2014-10-01T15:09:46+02:00
937	2014-10-01T18:21:19+02:00
937	2014-10-03T18:14:26+02:00
937	2014-09-05T15:18:06+02:00
938	2014-09-13T20:09:28+02:00
938	2014-09-14T15:19:37+02:00
938	2014-09-06T17:38:46+02:00
938	2014-09-06T23:05:57+02:00
938	2014-09-08T10:58:26+02:00
938	2014-09-08T11:36:51+02:00
938	2014-09-08T12:02:20+02:00
938	2014-09-09T13:50:41+02:00
938	2014-09-11T12:08:54+02:00
939	2014-09-05T17:38:23+02:00
940	2014-09-06T17:31:37+02:00
940	2014-09-22T10:12:46+02:00
941	2014-09-06T14:54:59+02:00
942	2014-09-06T22:18:04+02:00
942	2014-09-07T00:49:00+02:00
944	2014-09-09T14:30:21+02:00
944	2014-09-11T12:01:31+02:00
944	2014-09-22T10:09:09+02:00
947	2014-09-12T12:02:00+02:00
948	2014-09-18T11:36:12+02:00
948	2014-09-18T11:35:16+02:00
949	2014-09-18T11:39:39+02:00
949	2014-10-16T15:26:14+02:00
949	2014-10-15T17:18:34+02:00
949	2014-10-16T15:04:15+02:00
950	2014-09-18T13:59:57+02:00
951	2014-09-24T11:08:04+02:00
951	2014-09-22T11:02:29+02:00
951	2014-09-22T12:27:01+02:00
951	2014-09-22T17:38:55+02:00
951	2014-09-22T17:50:04+02:00
951	2014-09-22T19:57:31+02:00
952	2014-09-24T11:09:17+02:00
953	2014-09-22T10:28:56+02:00
954	2014-09-22T10:37:30+02:00
955	2014-09-22T12:42:38+02:00
955	2014-09-22T12:53:56+02:00
955	2014-09-22T13:32:26+02:00
956	2014-09-22T10:52:42+02:00
956	2014-09-22T10:54:12+02:00
957	2014-10-06T13:47:38+02:00
959	2014-09-23T10:07:01+02:00
960	2014-10-01T14:01:44+02:00
960	2014-10-01T14:10:38+02:00
960	2014-09-23T13:59:13+02:00
961	2014-09-25T11:38:15+02:00
961	2014-09-24T11:17:34+02:00
961	2014-09-24T15:21:05+02:00
961	2014-09-24T15:27:06+02:00
961	2014-09-24T15:43:08+02:00
961	2014-09-24T16:04:03+02:00
961	2014-09-24T16:05:50+02:00
961	2014-09-24T16:14:49+02:00
961	2014-09-24T16:52:52+02:00
961	2014-09-24T17:37:06+02:00
961	2014-09-24T18:34:01+02:00
961	2014-09-24T22:59:25+02:00
962	2014-09-24T11:07:33+02:00
962	2014-10-10T15:48:20+02:00
962	2014-10-10T15:52:42+02:00
962	2014-10-22T15:48:46+02:00
962	2014-10-22T16:18:21+02:00
963	2014-09-26T10:05:50+02:00
963	2014-09-26T10:06:04+02:00
964	2014-09-30T11:34:43+02:00
965	2014-10-03T18:24:19+02:00
965	2014-10-01T18:26:19+02:00
965	2014-10-01T18:49:07+02:00
966	2014-10-01T18:23:01+02:00
966	2014-10-01T18:50:44+02:00
966	2014-10-03T18:22:36+02:00
966	2014-10-07T23:44:51+02:00
967	2014-10-03T18:26:43+02:00
968	2014-10-06T10:36:56+02:00
968	2014-10-04T20:21:09+02:00
968	2014-10-04T23:13:40+02:00
969	2014-10-06T13:25:15+02:00
970	2014-10-06T13:43:04+02:00
971	2014-10-06T14:11:22+02:00
971	2014-10-06T14:20:29+02:00
971	2014-10-06T15:53:26+02:00
971	2014-10-07T23:45:58+02:00
971	2014-10-06T16:03:41+02:00
972	2014-10-07T23:50:51+02:00
973	2014-10-08T16:37:11+02:00
974	2014-10-08T00:14:34+02:00
975	2014-10-08T21:53:24+02:00
975	2014-10-08T22:59:06+02:00
975	2014-10-08T22:59:21+02:00
975	2014-10-08T19:19:35+02:00
976	2014-10-09T09:49:15+02:00
977	2014-10-11T17:28:16+02:00
978	2014-10-25T11:55:02+02:00
